country,adm1_code,adm2_code,adm2_name,year,predicted_MPI,population_2024,pred_DNN_only,pred_XGB_only
Morocco,2107,147351,Meknès,2024,0.07819396257400513,696943.6564787475,0.0,0.14905135333538055
Morocco,2107,147350,El Hajeb,2024,0.12308967113494873,231904.19563569015,0.268862783908844,0.17822450399398804
Morocco,2109,147352,Berkane Taourirt,2024,0.07604596018791199,386911.5389338004,0.06830940395593643,0.14823436737060547
Morocco,2109,147353,Jerada,2024,0.08643229305744171,49815.66975506465,0.13169780373573303,0.19706793129444122
Morocco,2109,147354,Oujda Angad,2024,0.08302435278892517,525827.9674119306,0.0,0.1617497056722641
Morocco,147326,147339,Ben Slimane,2024,0.07099071890115738,298624.8829720984,0.2004784792661667,0.15172335505485535
Morocco,147328,147340,Fès,2024,0.07445483654737473,630953.4487022348,0.0,0.14841558039188385
Morocco,147328,147341,Sefrou,2024,0.10964705049991608,204365.83445340823,0.27736127376556396,0.16597744822502136
Morocco,147328,147342,Zouagha-Moulay Yacoub,2024,0.07584762573242188,600894.9264034801,0.0,0.14512720704078674
Morocco,147330,147343,Casablanca,2024,0.04231078177690506,3890273.422116584,0.0,0.041167695075273514
Morocco,147330,147344,Mohammedia,2024,0.024917470291256905,234509.88627369457,0.0,0.03915635868906975
Morocco,147331,147345,Assa-Zag,2024,0.15758755803108215,591.4110339726957,0.0,0.26797807216644287
Morocco,147333,147347,Al Haouz,2024,0.21874184906482697,276853.063192715,0.3359161913394928,0.2097361832857132
Morocco,147331,147346,Guelmim,2024,0.11395025253295898,116652.5579198345,0.1385578066110611,0.1804768145084381
Morocco,147333,147349,Marrakech,2024,0.0892425924539566,1348811.140203339,0.0,0.16736243665218353
Morocco,147333,147348,Chichaoua,2024,0.15975071489810944,150707.82755852438,0.25953081250190735,0.22057034075260162
Morocco,147335,147356,Agadir-Ida ou Tanane,2024,0.09480694681406021,700450.541164043,0.0,0.16651961207389832
Morocco,147334,147355,Skhirate-Témara,2024,0.07252119481563568,728580.8842877594,0.0,0.141227588057518
Morocco,147335,147358,Inezgane-Aït Melloul,2024,0.10025649517774582,427428.8293878689,0.0,0.1536068618297577
Morocco,147335,147357,Chtouka-Aït Baha,2024,0.14649926126003265,313713.1572388761,0.24137882888317108,0.18317416310310364
Morocco,147335,147360,Zagora,2024,0.22453153133392334,56867.94349664304,0.40503641963005066,0.24918387830257416
Morocco,147335,147359,Ouarzazate,2024,0.13700231909751892,76053.44120147993,0.268925279378891,0.19428880512714386
Morocco,147337,147361,Fahs Anjra,2024,0.08693431317806244,541080.5718443822,0.0,0.147437185049057
Morocco,147337,147362,Tanger-Assilah,2024,0.08598995953798294,654648.5871064115,0.0,0.13872210681438446
Jordan,1701,65716,Ajloon,2024,0.1401086449623108,112710.64798015953,0.20101630687713623,0.17648959159851074
Jordan,1703,65718,Wadi Araba,2024,0.20025493204593658,530.078769759149,0.20864376425743103,0.24179014563560486
Jordan,1702,65722,Al-Salt,2024,0.10123416036367416,99443.73631917295,0.0,0.1558569073677063
Jordan,1707,65740,Irbid,2024,0.024785762652754784,482886.8114489114,0.0,0.04373347386717796
Jordan,1704,65725,Al-Qatraneh,2024,0.13979819416999817,2657.111331743724,0.18425016105175018,0.1664780080318451
Jordan,1704,65724,Al-Qaser,2024,0.11726588010787964,17258.336970573848,0.0,0.21275849640369415
Jordan,1709,65744,Ma'an,2024,0.10693785548210144,7073.144728927055,0.0,0.21489626169204712
Jordan,1710,65745,Madaba,2024,0.07380162924528122,117385.3506037957,0.0,0.15613019466400146
Jordan,1710,65746,Theeban,2024,0.1038135215640068,22348.380502642576,0.0,0.1857433170080185
Jordan,1711,65728,Al-ruwaished,2024,0.11413043737411499,4600.622024072154,0.13692936301231384,0.1629360169172287
Jordan,1711,65729,Bal'ama,2024,0.033616747707128525,56915.32805445545,0.0,0.06918246299028397
Jordan,1706,65735,Tafiela,2024,0.09213521331548691,36715.19689981265,0.0,0.16154146194458008
Jordan,1711,65731,Sabha,2024,0.04277791827917099,28615.49482261981,0.10926644504070282,0.06750910729169846
Jordan,1712,65736,Al-Hashimiya,2024,0.10296228528022766,5365.926098068668,0.004549335688352585,0.17265161871910095
Jordan,1712,65738,Zarqa,2024,0.00618773465976119,567806.6165497388,0.0,0.024346020072698593
Jordan,1711,65730,Mafraq,2024,0.011655711568892002,182104.6301883745,0.0,0.03621036559343338
Jordan,1711,65732,Sama Al-Serhan,2024,0.014346114359796047,43533.987979626094,0.0,0.045687008649110794
Jordan,1707,65739,Al-Wasatiya,2024,0.14062824845314026,30270.616822707903,0.0,0.25309813022613525
Jordan,1701,65715,Kufranjeh,2024,0.20772215723991394,32169.02584898032,0.1509452611207962,0.32501739263534546
Jordan,1702,65720,Al-Ardha,2024,0.14893168210983276,9507.0924681755,0.19267944991588593,0.20020411908626556
Jordan,1702,65721,Zay,2024,0.11560284346342087,30559.09091336045,0.0,0.16593042016029358
Jordan,1702,65719,Mahes & Fhais,2024,0.09224176406860352,11815.425294163597,0.2088206261396408,0.17530342936515808
Jordan,1702,65723,Ira & Yarqa,2024,0.13569632172584534,18367.41330365208,0.2245759814977646,0.1953648328781128
Jordan,1712,65737,Al-Dhilail,2024,0.05601484701037407,14214.619786742314,0.0,0.10794981569051743
Jordan,1704,65726,Faqooa',2024,0.0950876995921135,10264.199658327592,0.0,0.18308162689208984
Jordan,1704,36739,Ayy,2024,0.05271061882376671,8604.809224634078,0.0,0.1291164755821228
Jordan,1704,65727,Karak,2024,0.04747859016060829,67929.91923684691,0.0,0.08967466652393341
Jordan,1706,65733,Al-Hasa,2024,0.13307984173297882,3417.3134009092028,0.03752414137125015,0.17713283002376556
Jordan,1706,65734,Bsaira,2024,0.06816472113132477,14985.585887358848,0.0,0.1426479071378708
Jordan,1703,65717,Aqaba,2024,0.15613442659378052,80170.71467542094,0.0,0.2799563407897949
Jordan,1709,65743,Ail,2024,0.15766549110412598,3051.1454836882385,0.17741422355175018,0.15950678288936615
Jordan,1709,65741,Al-Mraigha,2024,0.10146492719650269,4371.299756807555,0.1703711450099945,0.13058501482009888
Jordan,1709,65742,Al-Jafer,2024,0.13856250047683716,4021.909012726428,0.18858620524406433,0.1807340830564499
Morocco,2107,21792,Errachidia,2024,0.13488371670246124,66098.01108260512,0.17339491844177246,0.16279751062393188
Morocco,2107,21793,Ifrane,2024,0.07635213434696198,89720.58106290545,0.07219398021697998,0.18677601218223572
Morocco,2107,21794,Khénifra,2024,0.10149328410625458,236106.9224301319,0.09757427871227264,0.1577388197183609
Morocco,2109,21818,Figuig,2024,0.08295367658138275,13415.491952186432,0.0,0.16909514367580414
Morocco,2109,21819,Nador,2024,0.07985103875398636,575204.0993416104,0.10618480294942856,0.15748266875743866
Morocco,147326,21805,Khouribga,2024,0.07539759576320648,451637.88332376815,0.14564518630504608,0.1568656712770462
Morocco,147326,21806,Settat,2024,0.16368839144706726,888518.2889681961,0.2435353398323059,0.18223334848880768
Morocco,147327,21804,El Jadida,2024,0.0997682511806488,976560.3735198732,0.23904436826705933,0.15159066021442413
Morocco,147327,21832,Safi,2024,0.0984426811337471,685427.8373122725,0.22527389228343964,0.15599817037582397
Morocco,147328,21788,Boulemane,2024,0.1167815774679184,52230.48582909861,0.22210125625133514,0.1847217082977295
Morocco,147329,21809,Kénitra,2024,0.10512213408946991,1065797.019347996,0.2693716585636139,0.15518422424793243
Morocco,147329,21814,Sidi Kacem,2024,0.2082858383655548,380559.423845466,0.3061802387237549,0.2117132991552353
Morocco,147331,21825,Tan-Tan,2024,0.11516508460044861,12981.736152574598,0.21661560237407684,0.18866069614887238
Morocco,147331,21827,Tata,2024,0.3315088152885437,11840.631446333076,0.48336976766586304,0.25217732787132263
Morocco,147332,21823,Laâyoune,2024,0.10499705374240875,5859.434861268221,0.2151241898536682,0.18913617730140686
Morocco,147333,21829,El Kelaâ des Sraghna,2024,0.13628074526786804,528333.5191166461,0.28020405769348145,0.16907651722431183
Morocco,147333,21830,Essaouira,2024,0.12237485498189926,166859.83129615453,0.20731036365032196,0.18149638175964355
Morocco,147334,21810,Khémisset,2024,0.07630123198032379,336249.0959700522,0.0,0.15824401378631592
Morocco,147334,21812,Rabat,2024,0.011564003303647041,566118.3277012825,0.0,0.01691388338804245
Morocco,147334,21813,Salé,2024,0.07735659927129745,761510.0033854668,0.0,0.13992179930210114
Morocco,147335,21826,Taroudannt,2024,0.18594911694526672,252219.18060881257,0.34214162826538086,0.19553586840629578
Morocco,147335,21828,Tiznit,2024,0.11645512282848358,171822.49994588358,0.2155349999666214,0.19172218441963196
Morocco,147336,21799,Azilal,2024,0.1989867389202118,254755.62081213784,0.31264618039131165,0.22438429296016693
Morocco,147336,21802,Béni Mellal,2024,0.10887333005666733,822931.5575662216,0.24860133230686188,0.14665992558002472
Morocco,147337,21808,Chefchaouen,2024,0.24660754203796387,192402.9430895671,0.34258583188056946,0.23240108788013458
Morocco,147337,21811,Larache,2024,0.142144575715065,319601.7271278546,0.2974139153957367,0.1682807207107544
Morocco,147337,21817,Tétouan,2024,0.07917697727680206,630828.6356409659,0.0,0.14027415215969086
Morocco,147338,21787,Al Hoceïma,2024,0.07605651021003723,253130.9379014925,0.0,0.14945369958877563
Morocco,147338,21790,Taounate,2024,0.20674508810043335,226490.555357216,0.3318583369255066,0.22022965550422668
Morocco,147338,21791,Taza,2024,0.09494754672050476,250989.41851483824,0.27710631489753723,0.14569835364818573
Jordan,1705,36719,Al-Muwaqar,2024,0.021608242765069008,35757.29429789323,0.0,0.04324619099497795
Jordan,1705,36715,Al-Jeeza,2024,0.10648415237665176,43641.18112183197,0.0,0.15975165367126465
Jordan,1705,36717,Amman,2024,0.014195388182997704,713384.8924852541,0.0,0.05130039155483246
Jordan,1705,36714,Jami'ah,2024,0.01754298433661461,359790.44342575537,0.0,0.04004313051700592
Jordan,1705,36718,Marka,2024,0.017676375806331635,616681.0101423681,0.0,0.06023427098989487
Jordan,1705,36720,Na'oor,2024,0.1144951581954956,79636.55602823908,0.0,0.19404928386211395
Jordan,1705,36716,Qwaismeh,2024,0.018105991184711456,331967.6589208739,0.0,0.043860308825969696
Jordan,1705,36721,Sahab,2024,0.07674697786569595,65249.08055338955,0.0,0.15258030593395233
Jordan,1705,36722,Wadisseer,2024,0.05169039964675903,223809.93327113293,0.0,0.05646510794758797
Jordan,1703,36724,Al-Qwaira,2024,0.1243550181388855,6871.632271043447,0.16444052755832672,0.19258743524551392
Jordan,1702,36728,Al-Ruseifa,2024,0.05496634542942047,370317.43741387816,0.0,0.06763944774866104
Jordan,1702,36726,Al-Shoona Al-Janoobiya,2024,0.26377612352371216,58427.39140616208,0.24827396869659424,0.3109114468097687
Jordan,1702,36725,Dair Ala,2024,0.04401814937591553,170811.40421193704,0.0,0.052362166345119476
Jordan,1707,36730,Al-Aghwar Al-Shimaliya,2024,0.03644654527306557,134585.34086978532,0.0,0.054455194622278214
Jordan,1707,36735,Al-Koora,2024,0.17332562804222107,56653.35421374965,0.22308209538459778,0.25565579533576965
Jordan,1707,36736,Al-Mazar Al-Shimali,2024,0.13729894161224365,35803.76496161935,0.0,0.25305914878845215
Jordan,1707,36731,Al-Ramtha,2024,0.1443261355161667,89905.58145165368,0.0,0.21437817811965942
Jordan,1707,36729,Al-Teeba,2024,0.249822735786438,107591.40954555696,0.3263639807701111,0.3431464731693268
Jordan,1707,36734,Beni Kinana,2024,0.1296980082988739,112098.88604039625,0.0,0.22642676532268524
Jordan,1707,36732,Beni Obaid,2024,0.04963991791009903,121240.84433637524,0.0,0.07121618837118149
Jordan,1708,36737,Jarash,2024,0.09808654338121414,197188.8758071485,0.0,0.17393048107624054
Jordan,1704,36738,Al-Aghwar Al-Janoobiya,2024,0.26781290769577026,21312.27496419161,0.006482154130935669,0.3038436770439148
Jordan,1704,36741,Al-Mazar Al-Janoobi,2024,0.06787166744470596,57575.09830489533,0.0,0.17244264483451843
Jordan,1709,36745,Al-Shobak,2024,0.12141835689544678,7124.58678658061,0.0,0.18493162095546722
Jordan,1709,36746,Wadi Moosa,2024,0.04993483051657677,22103.26471813683,0.0,0.10576245188713074
Egypt,61510,61537,A L Labban,2024,0.09545788168907166,42655.95123578241,0.0,0.15070432424545288
Egypt,61510,61538,Al Amreia,2024,0.014935281127691269,571564.8701203011,0.0,0.018702926114201546
Egypt,61510,61539,Al Attarin,2024,0.06458750367164612,49696.7489262375,0.0,0.13609212636947632
Egypt,61510,61540,Al Dikhila,2024,0.02454199455678463,383236.88006819226,0.0,0.06517154723405838
Egypt,61510,61541,Al Gumruk,2024,0.08563432842493057,76795.22543904916,0.0,0.1362409144639969
Egypt,61510,61542,Al Manshiyya,2024,0.07333721965551376,26707.115432260554,0.0,0.12733085453510284
Egypt,61510,61544,Bab Sharqi,2024,0.051777757704257965,200076.9440670313,0.0,0.08499293029308319
Egypt,61510,61545,Burg al-Arab,2024,0.0073860809206962585,61530.62808252386,0.0,0.017450973391532898
Egypt,61510,61546,Burg Al-Arab City,2024,0.011055344715714455,47717.00995908638,0.0,0.02295089326798916
Egypt,61510,61548,Kesm than Al Raml,2024,0.03357461094856262,445802.0855055952,0.0,0.05071977525949478
Egypt,61510,61547,Karmuz,2024,0.08570375293493271,133738.1868995667,0.0,0.14876146614551544
Egypt,61510,61549,Mina Al-Basal,2024,0.05435339733958244,284808.25451840047,0.0,0.09969177097082138
Egypt,61510,61550,Muharam Bik,2024,0.048811737447977066,336434.7859158442,0.0,0.07242746651172638
Egypt,61510,61551,Muntazah,2024,0.01746518723666668,1323932.9161440493,0.0,0.03078729473054409
Egypt,61510,61553,Port Alexandria Police Department,2024,0.05484677478671074,12731.838377589806,0.0,0.09638019651174545
Egypt,61510,61554,Sidi Gabir,2024,0.0474858358502388,257436.6055726408,0.0,0.08688618987798691
Egypt,61510,61555,Zemam Out,2024,0.36938610672950745,21.80132455672776,0.41813090443611145,0.16643835604190826
Egypt,61511,61556,Abnub,2024,0.11718927323818207,370729.7683690888,0.17331552505493164,0.14645685255527496
Egypt,61511,61557,Abu Tig,2024,0.06902385503053665,323503.1158741953,0.026963232085108757,0.10747122764587402
Egypt,61511,61558,Al- Badari,2024,0.12872113287448883,259941.29054806527,0.135930597782135,0.1372929960489273
Egypt,61511,61559,Al-Ghanayem,2024,0.07588095217943192,126239.15231022178,0.17831894755363464,0.14065100252628326
Egypt,61511,61560,Al-Qusia,2024,0.06024913117289543,438564.3688463124,0.11083459854125977,0.10445449501276016
Egypt,61511,61561,Alfath,2024,0.10135385394096375,296305.6546193684,0.0,0.11189247667789459
Egypt,61511,61562,Assuit,2024,0.04736192896962166,492683.7106967772,0.0,0.0778399333357811
Egypt,61511,61563,Assuit City,2024,0.08490423113107681,2125.272053740452,0.0,0.1610875427722931
Egypt,61511,61564,Dayrut,2024,0.050904013216495514,564790.1805154869,0.0,0.08070642501115799
Egypt,61511,61566,Kesm Than Assuit,2024,0.02919643186032772,202495.811542986,0.0,0.054228704422712326
Egypt,61511,61565,Kesm Awal Assuit,2024,0.04055096581578255,268770.9763339062,0.0,0.08485163748264313
Egypt,61511,61568,Sahil Silim,2024,0.08862999826669693,162445.2180417842,0.10090450942516327,0.13857676088809967
Egypt,61511,61567,Manfalut,2024,0.07642517983913422,507668.63020140014,0.06500168889760971,0.12163496017456055
Egypt,61511,61569,Sidfa,2024,0.07819753885269165,185905.2362661439,0.17323198914527893,0.10017141699790955
Egypt,61511,61570,Zemam Out,2024,0.18372443318367004,13341.857007668475,0.0,0.20481611788272858
Egypt,61512,61572,Adfu,2024,0.06965993344783783,294458.0679514297,0.0,0.08550195395946503
Egypt,61512,61573,Aswan,2024,0.03694084286689758,259637.5537271613,0.0,0.05096162110567093
Egypt,61512,61575,Daraw,2024,0.11949298530817032,71415.37342669521,0.0,0.15005525946617126
Egypt,61512,61576,Kum Umbu,2024,0.08779449760913849,262263.99734509084,0.0,0.08201264590024948
Egypt,61512,61577,Nasr,2024,0.0901845246553421,92704.29748850116,0.0,0.10752424597740173
Egypt,61512,61578,Tushaka,2024,0.35390058159828186,0.0,0.412276029586792,0.3288167417049408
Egypt,61513,61580,Abu-l-Matamir,2024,0.08522508293390274,475469.6732628237,0.2865508794784546,0.056889887899160385
Egypt,61513,61581,Abu Hummus,2024,0.19115662574768066,494411.7465438778,0.24831901490688324,0.13442732393741608
Egypt,61513,61582,Al-Dilingat,2024,0.1376839280128479,366723.66311044106,0.3154374957084656,0.1290072500705719
Egypt,61513,61583,Al-Mahmudiyya,2024,0.10659895092248917,264086.08303835103,0.187948539853096,0.08254525810480118
Egypt,61513,61584,Al-Rahmaniyya,2024,0.10824447870254517,156256.9728043752,0.2692810297012329,0.10171964019536972
Egypt,61513,61585,Badr,2024,0.11372801661491394,190344.708915018,0.30938002467155457,0.05501746013760567
Egypt,61513,61587,Hush Isa,2024,0.1508614718914032,240388.61047119333,0.3161141872406006,0.10062824934720993
Egypt,61513,61586,Damanhur,2024,0.10179346799850464,827382.1509685342,0.08434662222862244,0.07363839447498322
Egypt,61513,61589,Itay Al-Barud,2024,0.13531874120235443,457192.3792857921,0.25207048654556274,0.1273011863231659
Egypt,61513,61588,Idku,2024,0.03970785439014435,176532.1595789966,0.0,0.06697798520326614
Egypt,61513,61590,Kafr Al-Dawwar,2024,0.09982192516326904,948380.2735175964,0.0936678946018219,0.05923958122730255
Egypt,61513,61591,Kum Hamada,2024,0.07982347905635834,477104.6694238236,0.2245304137468338,0.07480448484420776
Egypt,61513,61592,Nubariyya West,2024,0.2876107096672058,42379.54415988619,0.4079483151435852,0.13581576943397522
Egypt,61513,61593,Rashid,2024,0.04210163652896881,234593.72687268865,0.0,0.027546288445591927
Egypt,61513,61594,Shubra Khît,2024,0.12860418856143951,272237.2670156873,0.3087989389896393,0.10477855801582336
Egypt,61513,61595,Wadi Al-NatrUn,2024,0.1381758153438568,79694.86991179954,0.0,0.10021962970495224
Egypt,61513,61596,Zemam Out,2024,0.12159791588783264,8844.240655136908,0.23996283113956451,0.051458850502967834
Egypt,61514,61598,Al Fashn,2024,0.16549783945083618,417380.6419748031,0.2546703517436981,0.16085276007652283
Egypt,61514,61597,Ahnasya,2024,0.1578577160835266,350465.43629046006,0.20758840441703796,0.20076419413089752
Egypt,61514,61599,Al Wasta,2024,0.05536424368619919,442189.8501397196,0.04167855158448219,0.08779189735651016
Egypt,61514,61600,Bani Swayf,2024,0.029123075306415558,609213.1422557783,0.0,0.034188129007816315
Egypt,61514,61601,Bani Swayf City,2024,0.06470419466495514,17242.057131156424,0.0,0.12945705652236938
Egypt,61514,61602,Biba,2024,0.04180403798818588,406908.4022572933,0.05718204751610756,0.09204528480768204
Egypt,61514,61603,Nasir,2024,0.08295544236898422,337989.8246986784,0.0,0.11650668829679489
Egypt,61514,61604,Sumusta,2024,0.14413312077522278,247295.9858373416,0.22158151865005493,0.1589052379131317
Egypt,61514,61605,Zemam Out,2024,0.31369978189468384,5092.153680048885,0.36476215720176697,0.21548552811145782
Egypt,61515,61606,15 Mayu,2024,0.027512023225426674,83725.9792676433,0.0,0.07567774504423141
Egypt,61515,61607,Abdin,2024,0.09745629876852036,38448.81707447276,0.0,0.14664773643016815
Egypt,61515,61609,Al Azbakiyya,2024,0.09035888314247131,26882.63522211711,0.0,0.14471425116062164
Egypt,61515,61608,Ain Shams,2024,0.07839341461658478,483942.1660105162,0.0,0.13540585339069366
Egypt,61515,61611,Al Khalifa,2024,0.02906031161546707,237310.4383610023,0.0,0.08035553991794586
Egypt,61515,61610,Al Darb al-Ahmar,2024,0.10247159749269485,57445.01004545922,0.0,0.17122676968574524
Egypt,61515,61612,Al Matariyya,2024,0.07675299793481827,485494.7429269829,0.0,0.1299699991941452
Egypt,61515,61613,Al Sahil,2024,0.0803622156381607,276798.1990692737,0.0,0.13057000935077667
Egypt,61515,61614,Al Salam,2024,0.04619070142507553,528042.3350434073,0.0,0.08953254669904709
Egypt,61515,61615,Al Sharabiyya,2024,0.0803622156381607,215091.46162737664,0.0,0.13570237159729004
Egypt,61515,61616,Al Tibbin,2024,0.0392630435526371,65154.22441240068,0.0,0.059749893844127655
Egypt,61515,61617,Al Wayli,2024,0.0803622156381607,74492.09643216597,0.0,0.13570237159729004
Egypt,61515,61619,Al Zaytun,2024,0.06351817399263382,302830.2823165746,0.0,0.12967632710933685
Egypt,61515,61618,Al Zahir,2024,0.09816110879182816,64486.4423661475,0.0,0.15269576013088226
Egypt,61515,61620,Bab Al-Shariyya,2024,0.11571935564279556,51022.25083558325,0.0,0.16725295782089233
Egypt,61515,61621,Badr,2024,0.04345731809735298,16157.039350474395,0.0,0.06146332621574402
Egypt,61515,61622,Basatin,2024,0.04305459186434746,772454.3228855557,0.0,0.05632207915186882
Egypt,61515,61623,Bulaq,2024,0.08879201859235764,58215.73372774311,0.0,0.1283680945634842
Egypt,61515,61624,Gamaliyya,2024,0.10247159749269485,47719.24456840962,0.0,0.17122676968574524
Egypt,61515,61625,Hadaiq Al-Qubba,2024,0.06975473463535309,275776.12449997547,0.0,0.1215413436293602
Egypt,61515,61626,Hilwan,2024,0.03461353853344917,615504.1815580279,0.0,0.044724225997924805
Egypt,61515,61627,Maadi,2024,0.028286326676607132,85700.7195678139,0.0,0.03946384787559509
Egypt,61515,61629,Marg,2024,0.042925991117954254,473356.0496176227,0.0,0.06614179909229279
Egypt,61515,61628,Madinat Nasr-2,2024,0.03704392537474632,77269.80411808722,0.0,0.08441275358200073
Egypt,61515,61631,Misr al-Gadida,2024,0.07825107872486115,109515.06394383487,0.0,0.14126472175121307
Egypt,61515,61630,Minshat Nasir,2024,0.07223737984895706,240529.85373277665,0.0,0.12175311893224716
Egypt,61515,61632,Misr Al-Qadima,2024,0.06089499965310097,205144.3583341861,0.0,0.09911374747753143
Egypt,61515,61633,Muski,2024,0.10067417472600937,23260.541121060247,0.0,0.14656797051429749
Egypt,61515,61634,Nasr City,2024,0.056637298315763474,470122.75504550815,0.0,0.12269184738397598
Egypt,61515,61635,New Cairo-1,2024,0.07195115089416504,27319.917287392283,0.0,0.10672648996114731
Egypt,61515,61637,New Cairo-3,2024,0.018160291016101837,48959.79710956907,0.0,0.030006516724824905
Egypt,61515,61636,New Cairo-2,2024,0.011057067662477493,38469.34993905311,0.0,0.018813198432326317
Egypt,61515,61639,Qasr Al-Nile,2024,0.10752857476472855,11529.032058611108,0.0,0.15174491703510284
Egypt,61515,61638,Nuzha,2024,0.01852419041097164,161503.53774316248,0.0,0.0629173070192337
Egypt,61515,61640,Rud Al-Farag,2024,0.08380099385976791,133039.46417218377,0.0,0.1240546703338623
Egypt,61515,61641,Sayyida Zainab,2024,0.0822705626487732,123793.4819951675,0.0,0.12331708520650864
Egypt,61515,61643,Shubra,2024,0.09425974637269974,76176.97045778763,0.0,0.14677205681800842
Egypt,61515,61644,Tura,2024,0.03511327877640724,83920.55000994574,0.0,0.0683930292725563
Egypt,61515,61642,Shroq,2024,0.04178501293063164,21727.52409591933,0.0,0.058483242988586426
Egypt,61515,61646,Zawiyya Al-Hamra,2024,0.07738552987575531,298704.9927850462,0.0,0.13484503328800201
Egypt,61515,61645,Zamalik,2024,0.07760144025087357,18597.31281454049,0.0,0.10655980557203293
Egypt,61515,61647,Zemam Out,2024,0.04922212287783623,3515.5863604418746,0.0,0.1064172014594078
Egypt,61516,61648,Aga,2024,0.06078961491584778,472218.6266975037,0.12711213529109955,0.06985197216272354
Egypt,61516,61649,Bany Abeed,2024,0.21095503866672516,117796.4758703686,0.34418442845344543,0.20696628093719482
Egypt,61516,61650,Bilqas,2024,0.1384541094303131,500130.4592033088,0.2011018544435501,0.07419291883707047
Egypt,61516,61651,Dikirnis,2024,0.1934986412525177,327196.44180787954,0.286234587430954,0.1599625200033188
Egypt,61516,61653,El Mansora,2024,0.04300770163536072,530963.8043217224,0.10277146846055984,0.061493758112192154
Egypt,61516,61652,E Mansora 2,2024,0.036550432443618774,224362.09775439135,0.0,0.07492338120937347
Egypt,61516,61654,El Mansora 1,2024,0.03819482773542404,290314.4055326162,0.0,0.07944716513156891
Egypt,61516,61655,Gamaliyya,2024,0.29625120759010315,97713.233033511,0.010696902871131897,0.34823378920555115
Egypt,61516,61656,Gamsa,2024,0.03657210245728493,3054.7004236168145,0.0,0.09702704846858978
Egypt,61516,61658,Manzala,2024,0.1341516673564911,306577.3109901744,0.1293858140707016,0.0864826887845993
Egypt,61516,61657,Mahalet Demna,2024,0.22617994248867035,54039.6048823144,0.2761789560317993,0.22240573167800903
Egypt,61516,61660,Minya Al-Nasr,2024,0.13600914180278778,271508.79465249216,0.26717737317085266,0.11738135665655136
Egypt,61516,61659,Matariyya,2024,0.1055726408958435,145375.64805781376,0.0,0.14963407814502716
Egypt,61516,61662,MIt Salsil,2024,0.2007174789905548,64473.35368435584,0.27958083152770996,0.20113573968410492
Egypt,61516,61661,Mit Ghamr,2024,0.05067937821149826,748982.2168450817,0.0,0.046329859644174576
Egypt,61516,61663,Nebro,2024,0.2953963875770569,256368.56415598368,0.2647708058357239,0.31110879778862
Egypt,61516,61664,Shirbin,2024,0.09469325840473175,399703.58680418186,0.2417336106300354,0.07268060743808746
Egypt,61516,61665,Sinbillawin,2024,0.2265244871377945,527478.3705562039,0.25277990102767944,0.22908927500247955
Egypt,61516,61666,Talkha,2024,0.028986116871237755,362547.1843162916,0.0,0.04959683492779732
Egypt,61516,61667,Tamy Al-Amdid,2024,0.2818220555782318,164842.03537467358,0.3354412019252777,0.27273866534233093
Egypt,61517,61668,Dumyat,2024,0.06891392916440964,291549.2293693353,0.0,0.12918075919151306
Egypt,61517,61669,Dumyat 1,2024,0.038971662521362305,94513.05123151148,0.0,0.08344369381666183
Egypt,61517,61670,Dumyat 2,2024,0.051321111619472504,155389.88155594235,0.0,0.09670323878526688
Egypt,61517,61671,Dumyat Al-Gadida,2024,0.022522764280438423,35846.611189798336,0.0,0.03422797471284866
Egypt,61517,61673,Kafr Sad,2024,0.10015907883644104,355091.1553020682,0.10674913972616196,0.06596674770116806
Egypt,61517,61672,Fariskur,2024,0.10560918599367142,245230.35531340176,0.19019721448421478,0.08369152992963791
Egypt,61517,61674,Police Department Port of Damietta,2024,0.06300757825374603,176.32836615384792,0.0,0.10776738077402115
Egypt,61517,61675,Ras al-Bar,2024,0.0754544660449028,11917.498724451256,0.0,0.13404293358325958
Egypt,61517,61676,Zarqa,2024,0.1370917558670044,148437.34948732884,0.12929494678974152,0.1080869734287262
Egypt,61518,61678,Atsa,2024,0.11304321885108948,633650.3937085527,0.24635018408298492,0.10870792716741562
Egypt,61518,61677,Abshaway,2024,0.06349418312311172,377793.2516638166,0.0,0.09508912265300751
Egypt,61518,61679,Fayyum,2024,0.0493180975317955,895851.423528689,0.0,0.07708920538425446
Egypt,61518,61680,Fayyum City,2024,0.13457340002059937,0.0,0.0,0.20665763318538666
Egypt,61518,61681,Sinuras,2024,0.08198510110378265,556114.3659906744,0.02357802540063858,0.0924624651670456
Egypt,61518,61682,Tamya,2024,0.11487184464931488,402991.8248229167,0.24528807401657104,0.10252772271633148
Egypt,61518,61683,Yousef El sadeq,2024,0.10373279452323914,355239.71485129546,0.24262471497058868,0.11559317260980606
Egypt,61518,61684,Zemam Out,2024,0.27778270840644836,5090.56200012372,0.16110914945602417,0.23766332864761353
Egypt,61519,61685,Basyun,2024,0.15182121098041534,282308.0799902546,0.31206464767456055,0.11512904614210129
Egypt,61519,61686,El Mahalla El Kobra,2024,0.13906040787696838,681105.3426052334,0.26875022053718567,0.07022690773010254
Egypt,61519,61687,El Mahalla El Kobra 1,2024,0.04052157700061798,237205.4936268413,0.0,0.08901312202215195
Egypt,61519,61688,El Mahalla El Kobra 2,2024,0.0403890460729599,273635.7760091408,0.0,0.0847661942243576
Egypt,61519,61689,Kafr Al-Zayyat,2024,0.08913925290107727,440277.7782862682,0.13311795890331268,0.06914037466049194
Egypt,61519,61690,Qutur,2024,0.16720068454742432,323828.59318618843,0.30032598972320557,0.1484094113111496
Egypt,61519,61691,Samannud,2024,0.07497529685497284,344076.5125003205,0.005365084856748581,0.07913357019424438
Egypt,61519,61692,Santa,2024,0.13695332407951355,429066.1202618389,0.2615378797054291,0.09541688859462738
Egypt,61519,61693,Tanta,2024,0.044106028974056244,628614.2108759088,0.11512258648872375,0.0575241893529892
Egypt,61519,61694,Tanta 1,2024,0.03756336495280266,233255.4942803757,0.0,0.07247033715248108
Egypt,61519,61695,Tanta 2,2024,0.04969003424048424,253299.39498893893,0.0,0.09094753861427307
Egypt,61519,61696,Zifta,2024,0.04292401671409607,515455.2343122938,0.01928900182247162,0.06062806397676468
Egypt,61520,61697,6 October-1,2024,0.018763888627290726,58836.90374754224,0.0,0.04620445519685745
Egypt,61520,61698,6 October-2,2024,0.055100034922361374,173864.32709796928,0.0,0.09924706071615219
Egypt,61520,61699,Al-Aguza,2024,0.06708725541830063,239674.1290527942,0.0,0.12629154324531555
Egypt,61520,61700,Al-Ahram,2024,0.029113586992025375,452748.8201915682,0.0,0.04759698733687401
Egypt,61520,61701,Atfeh,2024,0.035986993461847305,252448.64640894395,0.0,0.05163082480430603
Egypt,61520,61702,Ayat,2024,0.051681626588106155,534965.3029374311,0.0,0.0688173770904541
Egypt,61520,61703,Badrashain,2024,0.017564229667186737,583939.9179877416,0.0,0.0348653644323349
Egypt,61520,64448,Bahariya Oasis,2024,0.32275882363319397,2287.6112115470946,0.41329196095466614,0.2123204469680786
Egypt,61520,64449,Bulaq Al-DakrUr,2024,0.08015935868024826,835847.1052972828,0.0,0.14378859102725983
Egypt,61520,64451,DuqqI,2024,0.0702824741601944,149306.46771912667,0.0,0.12111099064350128
Egypt,61520,64453,Giza,2024,0.019336724653840065,759075.3840671942,0.0,0.02923710271716118
Egypt,61520,65305,Hwamdeia,2024,0.03794535622000694,211500.56084417543,0.0,0.06949878484010696
Egypt,61520,65315,Imbaba,2024,0.03847670927643776,1489225.112719419,0.0,0.05806400254368782
Egypt,61520,65317,Kardasa,2024,0.03691977635025978,797461.05376091,0.0,0.047991085797548294
Egypt,61520,65321,Saf,2024,0.015277865342795849,286704.7235799208,0.0,0.03849147632718086
Egypt,61520,65337,Umraniyya,2024,0.04745882377028465,1113805.6067603456,0.0,0.06934836506843567
Egypt,61520,65336,Shaykh Zayed,2024,0.02161668986082077,44135.232350547856,0.0,0.030788397416472435
Egypt,61520,65345,Waraq,2024,0.038599643856287,1213095.9234261387,0.0,0.04867866262793541
Egypt,61520,65350,Zemam out,2024,0.0921424850821495,16403.08435584563,0.0,0.15571360290050507
Egypt,61521,65711,Fayid,2024,0.04785454645752907,133944.1127652868,0.0,0.07498347759246826
Egypt,61521,65747,Ismailiyya,2024,0.0227679256349802,302170.71120639105,0.0,0.042383965104818344
Egypt,61521,65749,Ismailiyya 2,2024,0.04284289479255676,202078.68075437893,0.0,0.0658976137638092
Egypt,61521,65748,Ismailiyya 1,2024,0.02602454461157322,42274.70644556664,0.0,0.03971150144934654
Egypt,61521,65752,"Qantara Gharb, al-",2024,0.02334163896739483,130684.0170421213,0.0,0.03846161812543869
Egypt,61521,65751,Ismailiyya 3,2024,0.034921061247587204,116507.75933314313,0.0,0.05811021476984024
Egypt,61521,65753,"Qantara Sharq, al-",2024,0.3076457381248474,39548.214904962326,0.3561517000198364,0.1939360797405243
Egypt,61521,65754,"Tal al-Kabir, al-",2024,0.10265777260065079,181570.155092941,0.0,0.08281396329402924
Egypt,61522,65755,Al Hamul,2024,0.15437833964824677,300844.38137705595,0.2746121883392334,0.08193996548652649
Egypt,61522,65758,Biyalu,2024,0.18633955717086792,280356.70259560976,0.3484896719455719,0.14127258956432343
Egypt,61522,65759,Burullus,2024,0.19022555649280548,205277.29436259295,0.12867294251918793,0.129245325922966
Egypt,61522,65760,Disuq,2024,0.11183211207389832,529365.7780033222,0.1398213654756546,0.07051506638526917
Egypt,61522,65761,Fuwwa,2024,0.1130114495754242,164284.31793658674,0.17744775116443634,0.09954266250133514
Egypt,61522,65762,Kafr Al-Shaykh,2024,0.1152561753988266,595274.6166874414,0.20331116020679474,0.07402338832616806
Egypt,61522,65763,Mitubas,2024,0.12540370225906372,262844.6578971368,0.20947067439556122,0.085969939827919
Egypt,61522,65766,Qillin,2024,0.18089909851551056,243127.27744989505,0.24935665726661682,0.15315209329128265
Egypt,61522,65793,Riyad,2024,0.17060834169387817,163863.6974756358,0.2820014953613281,0.1191561296582222
Egypt,61523,65802,Abour,2024,0.0551297701895237,50197.249853272566,0.0,0.10151871293783188
Egypt,61522,65801,Sidi Salim,2024,0.17084091901779175,371095.1020864864,0.2772609293460846,0.09987097978591919
Egypt,61523,65804,Al Khanka,2024,0.018735865131020546,524725.7523012373,0.0,0.039266400039196014
Egypt,61523,65806,Banha,2024,0.044032879173755646,637194.0106035128,0.0,0.05496935918927193
Egypt,61523,65807,Kafr Shukr,2024,0.05774921178817749,176637.6315188472,0.0,0.08420516550540924
Egypt,61523,65811,Khsos,2024,0.0673009380698204,338052.1893724178,0.0,0.10992954671382904
Egypt,61523,65815,Qaha,2024,0.1070827841758728,42681.21858303924,0.0,0.10519982874393463
Egypt,61523,65816,Qalyub,2024,0.028091730549931526,575504.8727551887,0.0,0.03235042840242386
Egypt,61523,65819,Shibin al-Qanatir,2024,0.05046685039997101,503854.7150585629,0.0,0.08350658416748047
Egypt,61523,65817,Qanatir Al-Khayriyya,2024,0.04170415550470352,455282.2779365302,0.0,0.04424864053726196
Egypt,61523,65821,Shubra Al-Khayma 1,2024,0.05766640603542328,538488.6070787692,0.0,0.08412755280733109
Egypt,61523,65824,Shubra Al-Khayma 2,2024,0.04342508316040039,685884.2608860463,0.0,0.06053075194358826
Egypt,61523,65828,Zemam Out,2024,0.014975498430430889,2336.850579015881,0.0,0.027625465765595436
Egypt,61523,65825,Tukh,2024,0.04791739583015442,546595.8796303284,0.15929606556892395,0.05770199000835419
Egypt,61524,65830,Luxor,2024,0.04087540879845619,3292735.0338788712,0.0,0.06208619847893715
Egypt,61524,65832,Tiba police station,2024,0.10326529294252396,459800.7015250067,0.0,0.171330988407135
Egypt,61524,65833,Zemam Out,2024,0.08946896344423294,14088.914960291808,0.0,0.1562129110097885
Egypt,61525,65834,Al-Hammam,2024,0.17407912015914917,38872.0233950439,0.3074745833873749,0.15636898577213287
Egypt,61525,65835,Alamn,2024,0.07968359440565109,8269.152916919827,0.0,0.10244536399841309
Egypt,61525,65837,Daba,2024,0.14327046275138855,15172.77606785146,0.20811879634857178,0.21388429403305054
Egypt,61525,65838,Marsa Matruh,2024,0.2139630764722824,42545.49865180321,0.20989471673965454,0.2542411983013153
Egypt,61525,65840,Salloum,2024,0.13490094244480133,8864.971870969115,0.18845978379249573,0.22261977195739746
Egypt,61525,65841,Sidi Barani,2024,0.286906361579895,20034.41432945193,0.20531895756721497,0.21942907571792603
Egypt,61525,65842,Siwa,2024,0.33460962772369385,3599.765173691325,0.46606510877609253,0.234401673078537
Egypt,61526,65843,Kesm Al-minya,2024,0.030302688479423523,288642.23461642256,0.0,0.05791687220335007
Egypt,61526,65845,Kesm Mallawi,2024,0.06859215348958969,171338.71409521863,0.0,0.10300994664430618
Egypt,61526,65848,Markz Al Idwa,2024,0.07346027344465256,252541.34119813135,0.12156550586223602,0.14144288003444672
Egypt,61526,65846,Markz Abu Qurqas,2024,0.07436411082744598,568599.2664439202,0.13851411640644073,0.10130305588245392
Egypt,61526,65849,Markz Al Minya,2024,0.07738414406776428,642288.8153398512,0.0,0.09526237845420837
Egypt,61526,65850,Markz Bani Mazar,2024,0.09844527393579483,566262.7347508041,0.14062638580799103,0.12668511271476746
Egypt,61526,65854,Markz Maghagha,2024,0.09026319533586502,529734.4374598812,0.020765170454978943,0.13133305311203003
Egypt,61526,65852,Markz Dir Mawas,2024,0.07048632204532623,366946.9611659677,0.1401650607585907,0.10183728486299515
Egypt,61526,65855,Markz Mallawi,2024,0.06935865432024002,683444.1548539526,0.10202263295650482,0.11782854050397873
Egypt,61526,65857,Markz Matay,2024,0.16294901072978973,289161.6029409808,0.22852195799350739,0.21454185247421265
Egypt,61526,65862,Markz Samalut,2024,0.07157541811466217,717261.6719456823,0.0,0.09637872129678726
Egypt,61526,65865,New Minya,2024,0.03037848323583603,5237.79617248151,0.0,0.06852439045906067
Egypt,61527,65872,Al-Bagur,2024,0.09175334125757217,365498.87688489433,0.17363719642162323,0.08666367083787918
Egypt,61526,65866,Zemam Out,2024,0.2472320795059204,3361.5777002523973,0.26230233907699585,0.15901918709278107
Egypt,61527,65873,Al-Shuhada,2024,0.16747839748859406,304037.59677290136,0.2787639796733856,0.15717525780200958
Egypt,61527,65874,Ashmun,2024,0.10514932870864868,762846.2725123715,0.19246737658977509,0.09708576649427414
Egypt,61527,65875,Birkat Al-Sab,2024,0.10233914852142334,286253.9549939968,0.21487237513065338,0.08169222623109818
Egypt,61527,65876,Minuf,2024,0.1316186487674713,402049.0360470286,0.262032687664032,0.1244097501039505
Egypt,61527,65879,Quwisna,2024,0.026098938658833504,454996.10138804105,0.055042561143636703,0.049937136471271515
Egypt,61527,65877,Minuf City,2024,0.0735068991780281,106329.2556542284,0.0,0.11271347850561142
Egypt,61527,65888,Sadat City,2024,0.01789427362382412,169156.71356802667,0.0,0.028806528076529503
Egypt,61527,65889,Shibin al-Kum,2024,0.03265554830431938,633033.2167324567,0.0,0.052181582897901535
Egypt,61527,65891,Sirs Al-Layyana City,2024,0.06674069166183472,62518.476263282806,0.05396611988544464,0.1323467195034027
Egypt,61527,65894,Tala,2024,0.1574970781803131,356952.5131682137,0.2868000566959381,0.14587463438510895
Egypt,61528,65897,Al-Kharga Oasis,2024,0.28300046920776367,8329.091495808418,0.3235873281955719,0.2612393796443939
Egypt,61528,65896,A-Dakhla Oasis,2024,0.237009197473526,1317.9737656898797,0.4410295784473419,0.19716808199882507
Egypt,61528,65898,Al Farafra Oasis,2024,0.2520143985748291,4860.3006229661405,0.33051154017448425,0.16678398847579956
Egypt,61528,65903,Paris Paris,2024,0.3788139224052429,0.0,0.4221794605255127,0.3090951442718506
Egypt,61529,65905,Al-Hasna,2024,0.10599430650472641,863.1640506806186,0.19596818089485168,0.16666193306446075
Egypt,61529,65907,Bir Al-Abd,2024,0.15635301172733307,24270.84409214186,0.21566003561019897,0.22429470717906952
Egypt,61529,65913,El Arish 1,2024,0.021864552050828934,78182.92348349301,0.0,0.03765403479337692
Egypt,61529,65922,El Arish 3,2024,0.13026946783065796,9621.1845137701,0.12371097505092621,0.1959918588399887
Egypt,61529,65914,El Arish 2,2024,0.04124944657087326,25873.670693146112,0.0,0.07730367034673691
Egypt,61529,65927,Nakhl,2024,0.16730055212974548,1918.5021933171656,0.2060766965150833,0.18979990482330322
Egypt,61529,65925,El Arish 4,2024,0.1566670835018158,14693.836762498388,0.11664886772632599,0.20575395226478577
Egypt,61529,65928,Qasima,2024,0.20481441915035248,1248.5286090212885,0.22064164280891418,0.2188664674758911
Egypt,61529,65929,Rafah,2024,0.029581371694803238,93152.76488472513,0.06469573825597763,0.049259018152952194
Egypt,61529,65931,Rummana,2024,0.09345907717943192,30512.43523960209,0.09629271924495697,0.1365814357995987
Egypt,61529,65932,Shaykh Zuwayd,2024,0.1380435973405838,26147.37731199276,0.18285612761974335,0.1719580441713333
Egypt,61530,65933,Al-Arab,2024,0.08487677574157715,52212.39686737807,0.0,0.1300208419561386
Egypt,61530,65935,Al-Dawahy,2024,0.08455365896224976,117227.64955029206,0.0,0.14943209290504456
Egypt,61530,65939,Al-Ganoub,2024,0.20895403623580933,31038.46544645288,0.17663489282131195,0.11804228276014328
Egypt,61530,65940,Al-Ganoub 2,2024,0.27609410881996155,25428.91883758427,0.32549118995666504,0.12944085896015167
Egypt,61530,65944,Al-Munakh,2024,0.05908941105008125,67973.82845003463,0.0,0.09698802977800369
Egypt,61530,65949,Al-Zohour,2024,0.05775774270296097,234799.2370597404,0.0,0.10163059830665588
Egypt,61530,65946,Al-Sharq,2024,0.07677692174911499,34394.04891014847,0.0,0.11079275608062744
Egypt,61530,65951,Mubark-Sharq Tafrea,2024,0.24198395013809204,6816.676811613239,0.16945527493953705,0.15949413180351257
Egypt,61530,65952,Police Department Port Said Port,2024,0.039276670664548874,18674.12114330412,0.0,0.06266988813877106
Egypt,61530,65953,Port Fuad,2024,0.06024671345949173,51479.90953971451,0.0,0.11895409971475601
Egypt,61530,65958,Port Fuad 2,2024,0.0955662652850151,9259.02183958806,0.0,0.18160399794578552
Egypt,61531,65959,Abu Tisht,2024,0.1392061710357666,250150.9646107852,0.23672707378864288,0.14677438139915466
Egypt,61531,65963,Al Waqf,2024,0.08236217498779297,46764.80038307791,0.0,0.14475396275520325
Egypt,61531,65966,Armant,2024,0.12056685984134674,111859.18019509982,0.09917916357517242,0.13957861065864563
Egypt,61531,65973,Dishna,2024,0.09316787123680115,217295.97426102147,0.10172884166240692,0.0950479581952095
Egypt,61531,65974,Farshut,2024,0.09652017056941986,99089.07268700335,0.0,0.17431479692459106
Egypt,61531,65976,Isna,2024,0.07965923100709915,234046.85089611192,0.0,0.08625345677137375
Egypt,61531,65977,Nag Hammadi,2024,0.07023133337497711,313373.1576339813,0.0,0.07913073152303696
Egypt,61531,65978,Naqada,2024,0.04401376470923424,95788.21373402535,0.0,0.06593664735555649
Egypt,61531,65979,Qift,2024,0.10044816136360168,85333.45907281677,0.0,0.14991778135299683
Egypt,61531,65980,Qina,2024,0.04643192142248154,376721.0813775288,0.0,0.04603251442313194
Egypt,61531,65981,Qina City,2024,0.10648666322231293,0.0,0.0,0.16125637292861938
Egypt,61531,65983,Qus,2024,0.07429410517215729,248865.35969027076,0.0,0.08989468216896057
Egypt,61532,65985,Hurghada 1,2024,0.1357266902923584,130398.31413265104,0.0,0.252083957195282
Egypt,61531,65984,Zemam Out,2024,0.11806447803974152,10587.286848397054,0.0,0.21017169952392578
Egypt,61532,65989,Marsa Alam,2024,0.26731038093566895,425.6639820309956,0.2340601682662964,0.27488017082214355
Egypt,61532,65987,Hurghada 2,2024,0.17992310225963593,21305.352328527017,0.0,0.2858803868293762
Egypt,61532,65990,Qusir,2024,0.21724291145801544,20167.73055068578,0.08932792395353317,0.26219692826271057
Egypt,61532,65994,Ras Gharib,2024,0.1731610894203186,10130.255196732742,0.0,0.28675273060798645
Egypt,61532,65995,Safaga,2024,0.20190508663654327,56516.08865008524,0.0,0.27086949348449707
Egypt,61532,65998,Shallatin,2024,0.259046733379364,73.49945749940156,0.20172064006328583,0.265132337808609
Egypt,61533,65999,10 Ramadan 1,2024,0.07173378020524979,69984.81162494115,0.0,0.12381931394338608
Egypt,61533,66001,10 Ramadan 2,2024,0.09139709919691086,73455.85062143474,0.0,0.12939754128456116
Egypt,61533,66002,Abu Hammad,2024,0.09676627814769745,419008.81632082886,0.22523711621761322,0.07966264337301254
Egypt,61533,66004,Abu Kabir,2024,0.0675307959318161,383245.2741714423,0.2010885775089264,0.08113445341587067
Egypt,61533,66006,Al-Husayniya,2024,0.1524701565504074,599982.775711006,0.2966080605983734,0.07941773533821106
Egypt,61533,66007,Al-Qanayat,2024,0.07410147041082382,52022.39770283275,0.13894294202327728,0.10864328593015671
Egypt,61533,66009,Al-Salhiyya,2024,0.06935744732618332,25331.05863644672,0.06393440067768097,0.046328261494636536
Egypt,61533,66010,Awlad Saqr,2024,0.23451381921768188,211138.78197996697,0.3574819564819336,0.2333570420742035
Egypt,61533,66012,Bilbis,2024,0.04215481877326965,715979.7775951262,0.0,0.06325920671224594
Egypt,61533,66013,Dyarb Nigm,2024,0.11988130211830139,425467.5450751848,0.21870672702789307,0.13533006608486176
Egypt,61533,66014,El-Ibrahimiya,2024,0.14665281772613525,153684.68743484552,0.22140711545944214,0.18708498775959015
Egypt,61533,66016,Hihya,2024,0.13786333799362183,247608.2309198728,0.22703880071640015,0.15026064217090607
Egypt,61533,66015,Faqus,2024,0.13982512056827545,693668.2498326096,0.2316245287656784,0.09579858183860779
Egypt,61533,66017,Kafr Saqr,2024,0.10743457078933716,262769.4348014781,0.24273625016212463,0.12915244698524475
Egypt,61533,66018,Mashtul Al-Suq,2024,0.05993182584643364,192629.6565662749,0.10701704025268555,0.09765910357236862
Egypt,61533,66019,Minya al-Qamh,2024,0.06699670106172562,693813.4596152534,0.18177831172943115,0.061033766716718674
Egypt,61533,66020,Qurin,2024,0.08592472225427628,77699.81570053042,0.0,0.1290213018655777
Egypt,61533,66025,Zaqaziq 1,2024,0.07106835395097733,152505.29422913346,0.0,0.13172979652881622
Egypt,61533,66022,Zaqaziq,2024,0.036559704691171646,804405.8637951338,0.0,0.057007987052202225
Egypt,61533,66026,Zaqaziq 2,2024,0.05272157862782478,195053.5866956281,0.0,0.10553683340549469
Egypt,61533,66027,Zemam Out,2024,0.010546648874878883,4812.87432475362,0.0,0.0027369617018848658
Egypt,61534,66028,Abu Radis,2024,0.23159494996070862,5329.3573019975365,0.05684249475598335,0.2772330045700073
Egypt,61534,66029,Al-Tur,2024,0.259997695684433,18611.338325471515,0.1465824395418167,0.25357717275619507
Egypt,61534,66030,Dahab,2024,0.3901801109313965,166.22696317167157,0.45535391569137573,0.25184211134910583
Egypt,61534,66032,Nuweiba,2024,0.3022375702857971,3976.708990602812,0.3776504695415497,0.26723527908325195
Egypt,61534,66035,Ras Sidr,2024,0.22456088662147522,9315.394313326531,0.35584068298339844,0.23800627887248993
Egypt,61534,66039,Sant Katrin,2024,0.22910335659980774,5015.554245148199,0.0,0.2814677059650421
Egypt,61534,66041,Sharm el-Sheikh,2024,0.17726263403892517,59119.271419709694,0.0,0.29512110352516174
Egypt,61534,66042,Taba,2024,0.13749057054519653,2096.6379794206223,0.232675701379776,0.16668671369552612
Egypt,61535,66043,Al-Arbiin,2024,0.025748221203684807,269845.5766747389,0.0,0.060435183346271515
Egypt,61535,66044,Al-Ganayin,2024,0.22246462106704712,92065.40626877792,0.24291899800300598,0.11484964191913605
Egypt,61535,66047,Ataqa,2024,0.14170001447200775,27367.983635953584,0.0,0.22997379302978516
Egypt,61535,66048,Faysal,2024,0.09192855656147003,147787.8882025259,0.13769562542438507,0.18805961310863495
Egypt,61535,66052,Suez,2024,0.058055371046066284,53930.352736471454,0.0,0.08835773169994354
Egypt,61535,66049,Port Suez Police Department,2024,0.18841475248336792,4.406708354254562,0.34533876180648804,0.22159329056739807
Egypt,61536,66054,Akhmim,2024,0.05889635533094406,364504.9319255029,0.0,0.07914278656244278
Egypt,61536,66055,Akhmim City,2024,0.21049480140209198,0.0,0.30629515647888184,0.2673480212688446
Egypt,61536,66059,Al-Maragha,2024,0.09201809763908386,367202.5635492021,0.18414035439491272,0.09106231480836868
Egypt,61536,66056,Al-Balyana,2024,0.12172356992959976,461039.2495608571,0.08879239112138748,0.11100813746452332
Egypt,61536,66062,Al Usayrat,2024,0.09829109162092209,167821.1239734518,0.0,0.13544537127017975
Egypt,61536,66061,Al-Minshat,2024,0.07419730722904205,377792.87445024366,0.11969651281833649,0.10148486495018005
Egypt,61536,66065,Dar al-Salam,2024,0.10983175784349442,370121.8839655821,0.19982945919036865,0.10306788980960846
Egypt,61536,66066,Girga,2024,0.034941356629133224,448340.6091090943,0.0,0.06471259146928787
Egypt,61536,66067,Guhayna Al-Gharbiyya,2024,0.07058142870664597,242472.36651290825,0.0,0.08028829842805862
Egypt,61536,66069,Kawther,2024,0.19449880719184875,4231.91061316378,0.0,0.37151896953582764
Egypt,61536,66070,Kesm Tahta,2024,0.06982282549142838,133844.5397505947,0.0,0.09511483460664749
Egypt,61536,66072,Saqulta,2024,0.11856894940137863,192342.44075736392,0.10225242376327515,0.18081821501255035
Egypt,61536,66073,Suhag,2024,0.04580242559313774,616945.6601400215,0.0,0.07358468323945999
Egypt,61536,66079,Suhag-2,2024,0.05320316180586815,92261.02351668678,0.0,0.12005995213985443
Egypt,61536,66090,Tahta,2024,0.05578446015715599,296659.3853552522,0.17781363427639008,0.07736708968877792
Egypt,61536,66091,Tama,2024,0.06961420923471451,388256.5857489714,0.14212091267108917,0.08163809031248093
Egypt,61536,66093,Zemam Out,2024,0.1412142664194107,10503.194309211623,0.0,0.21043996512889862
Egypt,61512,61579,Zemam Out,2024,0.2156621664762497,40429.57917558512,0.08072522282600403,0.2620064318180084
Egypt,61510,61543,Al Raml,2024,0.04722939804196358,407176.7177620831,0.0,0.08922512829303741
Egypt,61530,65942,Al-Manasra,2024,0.17323967814445496,4165.942343902956,0.0,0.30233874917030334
Kyrgyzstan,1752,18628,Jeti-Oguz,2024,0.2334415465593338,16979.633786606835,0.0,0.17928622663021088
Kyrgyzstan,1749,18612,At-Bashy,2024,0.1625579595565796,4880.420335631338,0.0,0.1303834468126297
Kyrgyzstan,1752,18627,Ak-Suu,2024,0.1280766725540161,17949.349155485856,0.0,0.1481214314699173
Kyrgyzstan,1748,18610,Toktogul,2024,0.22079986333847046,43217.16228658733,0.280671089887619,0.12437024712562561
Kyrgyzstan,1752,18629,Tong,2024,0.18340353667736053,18159.781254963185,0.08239555358886719,0.15945298969745636
Kyrgyzstan,1749,18615,Naryn,2024,0.1789773404598236,21236.309258723733,0.15307585895061493,0.12407102435827255
Kyrgyzstan,1748,18606,Chatkal,2024,0.26393043994903564,6351.841695311545,0.34313952922821045,0.20186664164066315
Kyrgyzstan,1749,18614,Kochkor,2024,0.19473890960216522,19259.490557389352,0.24044381082057953,0.15957248210906982
Kyrgyzstan,1750,18616,Alay,2024,0.21615134179592133,17414.04484166449,0.2724227011203766,0.14592090249061584
Kyrgyzstan,1746,18592,Batken,2024,0.2163448929786682,30560.795062618112,0.317482590675354,0.13816773891448975
Kyrgyzstan,147294,18598,Kemin,2024,0.21808232367038727,18759.62025801157,0.25990477204322815,0.1322619467973709
Kyrgyzstan,147294,18600,Panfilov,2024,0.1737697422504425,13692.373078022369,0.22209493815898895,0.11780675500631332
Kyrgyzstan,1752,18631,Ysyk-Kol,2024,0.19782105088233948,35817.90857183728,0.058947429060935974,0.14783138036727905
Kyrgyzstan,1751,18626,Talas,2024,0.15319806337356567,51339.970291525744,0.0,0.14798837900161743
Kyrgyzstan,1750,18619,Kara-Kulja,2024,0.24413976073265076,37886.46955115687,0.2224964201450348,0.14453406631946564
Kyrgyzstan,1749,18611,Ak-Talaa,2024,0.1761840134859085,6233.384083736654,0.2974327802658081,0.1365642100572586
Kyrgyzstan,1749,18613,Jumgal,2024,0.18864330649375916,9513.98653616382,0.27378860116004944,0.13714681565761566
Kyrgyzstan,1750,18618,Chong-Alay,2024,0.23410145938396454,4888.484842328731,0.3321373164653778,0.18881596624851227
Kyrgyzstan,1748,18609,Toguz-Toro,2024,0.2158074826002121,6527.7466225183125,0.3232128322124481,0.156157985329628
Kyrgyzstan,1748,18603,Aksy,2024,0.23587283492088318,65524.80175363281,0.3372066915035248,0.13992221653461456
Kyrgyzstan,1752,18630,Tup,2024,0.19223086535930634,59919.62682244803,0.0,0.1941145658493042
Kyrgyzstan,1750,18621,Nookat,2024,0.18582838773727417,141129.77736496515,0.17232559621334076,0.15361733734607697
Kyrgyzstan,1750,18622,Ozgon,2024,0.20818699896335602,137765.78482590022,0.29469552636146545,0.1617341786623001
Kyrgyzstan,1748,18608,Suzak,2024,0.1874527633190155,244612.11108706828,0.06665412336587906,0.1572193056344986
Kyrgyzstan,1746,18594,Leylek,2024,0.24111005663871765,57278.20836850771,0.32413116097450256,0.1375969648361206
Kyrgyzstan,1750,18620,Kara-Suu,2024,0.10624644160270691,508020.5011062463,0.0,0.14773759245872498
Kyrgyzstan,1748,18605,Bazar-Korgon,2024,0.2084704041481018,85841.09404599947,0.28444331884384155,0.14646118879318237
Kyrgyzstan,1748,18604,Ala-Buka,2024,0.20986205339431763,44625.83360049121,0.2870686650276184,0.14128638803958893
Kyrgyzstan,1751,18624,Kara-Buura,2024,0.1867399513721466,22213.889870350085,0.22418595850467682,0.11913219094276428
Kyrgyzstan,1751,18623,Bakay-Ata,2024,0.17952707409858704,19113.28813215497,0.11960487067699432,0.13446642458438873
Kyrgyzstan,1748,18607,Nooken,2024,0.1953989565372467,116885.95630558507,0.31978845596313477,0.1635831892490387
Kyrgyzstan,147294,18601,Sokuluk,2024,0.15593740344047546,91160.47878961451,0.10343509912490845,0.1458314061164856
Kyrgyzstan,147294,18597,Jayyl,2024,0.20025551319122314,37461.49589328632,0.03632215037941933,0.15840308368206024
Kyrgyzstan,147294,18599,Moskva,2024,0.17921976745128632,50082.6173649236,0.14515450596809387,0.1404137760400772
Kyrgyzstan,147294,18595,Alamudun,2024,0.03682665526866913,942391.4354231956,0.0,0.03998275846242905
Kyrgyzstan,1751,18625,Manas,2024,0.20908036828041077,22292.965854737515,0.2924424707889557,0.13697382807731628
Kyrgyzstan,147294,18602,Ysyk-Ata,2024,0.19356980919837952,90231.7863395403,0.09124942868947983,0.15731562674045563
Kyrgyzstan,1750,18617,Aravan,2024,0.19602082669734955,95687.95459001846,0.26554009318351746,0.16839218139648438
Kyrgyzstan,147294,18596,Chuy,2024,0.16632339358329773,67604.43543776264,0.043173279613256454,0.16374926269054413
Tajikistan,2847,37575,Ishkashimskiy,2024,0.31145548820495605,7043.273948254662,0.09605397284030914,0.26321566104888916
Kyrgyzstan,1746,18593,Kadamjay,2024,0.1942072957754135,81148.99971392473,0.27549979090690613,0.13601496815681458
Tajikistan,2847,37576,Kalay-Humbskiy,2024,0.3921799659729004,2663.2042733450226,0.5498213171958923,0.23197579383850098
Tajikistan,2847,37577,Murgabskiy,2024,0.2837265729904175,25.992782137764507,0.020550740882754326,0.19145844876766205
Tajikistan,2847,37578,Roshtkala,2024,0.27497830986976624,3487.5947428200443,0.05307548865675926,0.2307339459657669
Tajikistan,2847,37579,Rushanskiy,2024,0.3001451790332794,5995.952452461836,0.09256890416145325,0.26752251386642456
Tajikistan,2847,37580,Shugnanskiy,2024,0.24687016010284424,32627.181034434583,0.11105884611606598,0.2034720927476883
Tajikistan,2847,37581,Vanchskiy,2024,0.3058401048183441,7273.037399720511,0.2786017060279846,0.2380628138780594
Tajikistan,2848,37582,Baljuan,2024,0.24883483350276947,26208.45433994656,0.30167168378829956,0.28667697310447693
Tajikistan,2848,37583,Bokhtar,2024,0.19912302494049072,365698.6399576516,0.28508952260017395,0.13668759167194366
Tajikistan,2848,37584,Dangara,2024,0.19613349437713623,103621.51885102697,0.33151954412460327,0.18365202844142914
Tajikistan,2848,37585,Ghozimalik,2024,0.2972564101219177,25081.362607882336,0.3471355736255646,0.29850226640701294
Tajikistan,2848,37586,Hovaling,2024,0.2618120312690735,52919.478896803645,0.38269713521003723,0.24946317076683044
Tajikistan,2848,37587,Jilikul,2024,0.3326154351234436,24663.153736457847,0.37789952754974365,0.24849355220794678
Tajikistan,2848,37588,Kabodien,2024,0.28695279359817505,145339.01254228115,0.34891271591186523,0.2064061462879181
Tajikistan,2848,37589,Kolhosobadskiy,2024,0.3185306787490845,114574.6731613858,0.38618576526641846,0.2712225914001465
Tajikistan,2848,37590,Kulyab,2024,0.16359645128250122,191542.21466770984,0.23517200350761414,0.19091442227363586
Tajikistan,2848,37591,Kumsangirskiy,2024,0.3062475323677063,69309.70221183971,0.3363761007785797,0.2325240522623062
Tajikistan,2848,37592,Kurgan-Tjube,2024,0.29811084270477295,119839.3017302136,0.3076801896095276,0.28525617718696594
Tajikistan,2848,37594,Muminobod,2024,0.2999984622001648,67917.55902854641,0.3730110824108124,0.3154555857181549
Tajikistan,2848,37593,Moskovskiy,2024,0.30231431126594543,68616.12466438218,0.3298141360282898,0.3212968111038208
Tajikistan,2848,37596,Piynjskiy,2024,0.2565903067588806,51834.3547820626,0.3257402181625366,0.2241632491350174
Tajikistan,2848,37595,Parharskiy,2024,0.3162050247192383,76121.80876193229,0.3495788872241974,0.27326202392578125
Tajikistan,2848,37597,Shaartuskiy,2024,0.3348701000213623,21435.485483594777,0.40527206659317017,0.2858833968639374
Tajikistan,2848,37598,Shurabad,2024,0.2718318700790405,28861.936811756605,0.4027066230773926,0.2223949432373047
Tajikistan,2848,37599,Sovetskiy,2024,0.2961620092391968,43924.58700856217,0.30325955152511597,0.31023740768432617
Tajikistan,2848,37600,Vahshskiy,2024,0.2891204357147217,272611.1473474553,0.32387518882751465,0.2647278308868408
Tajikistan,2848,37601,Voseysky,2024,0.26911336183547974,144615.16853764094,0.30241793394088745,0.2401256263256073
Tajikistan,2848,37602,Yvanskiy,2024,0.2730276584625244,199652.3166692741,0.34357374906539917,0.22389644384384155
Tajikistan,2849,37603,Aini,2024,0.3835847079753876,21691.12798186652,0.3977409303188324,0.3102562427520752
Tajikistan,2849,37604,Ashtskiy,2024,0.32290351390838623,85211.2795056242,0.34352099895477295,0.2577022612094879
Tajikistan,2849,37606,Hojenskiy,2024,0.11238446831703186,547974.2316971212,0.2512744963169098,0.11907894909381866
Tajikistan,2849,37605,Ganchinskiy,2024,0.31676357984542847,101759.75772823195,0.3233721852302551,0.2561448812484741
Tajikistan,2849,37608,Kanibadamskiy,2024,0.2472018301486969,167587.50546391218,0.34427568316459656,0.16078150272369385
Tajikistan,2849,37607,Isfarinskiy,2024,0.25308266282081604,203578.27483238664,0.29162347316741943,0.17268610000610352
Tajikistan,2849,37610,Matchinskiy,2024,0.2798948287963867,88148.6396150474,0.32564279437065125,0.21510590612888336
Tajikistan,2849,37609,Kuhistoni Mastchohskiy,2024,0.33040982484817505,4850.18274927946,0.29261669516563416,0.26009419560432434
Tajikistan,2849,37611,Nauskiy,2024,0.20914407074451447,100664.21275004015,0.28898558020591736,0.12181063741445541
Tajikistan,2849,37612,Penjikenskiy,2024,0.25208187103271484,185103.7817360047,0.33820024132728577,0.1773831695318222
Tajikistan,2849,37613,Rasulov,2024,0.2611536979675293,123937.05576976914,0.29802805185317993,0.2207004278898239
Tajikistan,2849,37615,Ura-Tubinskiy,2024,0.2058194875717163,132917.71493658845,0.2733851373195648,0.17753490805625916
Tajikistan,2849,37614,Shahriston,2024,0.2719588875770569,15162.545751810265,0.3305378556251526,0.23701108992099762
Tajikistan,2849,37616,Zafarobskiy,2024,0.2596447169780731,74357.46854002096,0.2559479773044586,0.21648994088172913
Tajikistan,2850,37617,Darbanskiy,2024,0.24999718368053436,18592.274001598445,0.32440614700317383,0.22954903542995453
Tajikistan,2850,37618,Faysabadskiy,2024,0.24618786573410034,49555.37268291889,0.3564281463623047,0.19712497293949127
Tajikistan,2850,37619,Garmskiy,2024,0.27971675992012024,29156.46864915738,0.3384740352630615,0.23358090221881866
Tajikistan,2850,37620,Gissarskiy,2024,0.2521442472934723,160981.42560036422,0.30812883377075195,0.21068847179412842
Tajikistan,2850,37622,Kofarnohon,2024,0.19177687168121338,293236.3659487289,0.3011304438114166,0.18296028673648834
Tajikistan,2850,37623,Leninskiy,2024,0.06542385369539261,1430381.8720211242,0.0,0.08314041793346405
Tajikistan,2850,37624,Nurek,2024,0.1871347725391388,38795.02806645854,0.2845440208911896,0.1664329171180725
Tajikistan,2850,37621,Jirgatalskiy,2024,0.28045982122421265,18566.644838000106,0.2617083489894867,0.24784477055072784
Tajikistan,2850,37625,Rogunsky,2024,0.21329084038734436,14135.607564713937,0.3698948919773102,0.20939747989177704
Tajikistan,2850,37626,Shahrinav,2024,0.26881733536720276,48414.19677371504,0.29001563787460327,0.23747757077217102
Tajikistan,2850,37627,Tavildara,2024,0.296184241771698,6072.460548480151,0.3494025766849518,0.24273262917995453
Tajikistan,2850,37628,Tojikobod,2024,0.2960226535797119,27845.101419613093,0.364871084690094,0.2563071548938751
Tajikistan,2850,37629,Tursunzade,2024,0.2881172299385071,204648.68478306968,0.3100367486476898,0.24450181424617767
Tajikistan,2850,37630,Varzob,2024,0.1951892375946045,50206.41719067011,0.3588767945766449,0.1590033620595932
