model,mask,cv_strategy,fold_index,R2,RMSE,MAE,n_test_obs
DNN,yes,random,1,0.8241,0.0738,0.0538,1066
DNN,yes,random,2,0.8941,0.056,0.0411,1066
DNN,yes,random,3,0.876,0.0633,0.0455,1066
DNN,yes,random,4,0.8757,0.0624,0.0453,1066
DNN,yes,random,5,0.8709,0.0642,0.0471,1066
DNN,yes,governorate,1,0.6566,0.1058,0.0772,1066
DNN,yes,governorate,2,0.5637,0.1208,0.0853,1066
DNN,yes,governorate,3,0.6365,0.1062,0.0806,1066
DNN,yes,governorate,4,0.5532,0.1134,0.0814,1066
DNN,yes,governorate,5,0.6704,0.0995,0.0706,1066
DNN,yes,country,1,0.4386,0.1553,0.129,1066
DNN,yes,country,2,-0.3911,0.1417,0.1052,1067
DNN,yes,country,3,0.4539,0.1325,0.0975,1065
DNN,yes,country,4,0.5346,0.1179,0.0918,1066
DNN,yes,country,5,0.2739,0.1452,0.1054,1066
DNN,yes,timeseries,1,0.7097,0.101,0.0729,888
DNN,yes,timeseries,2,0.6649,0.1006,0.0738,888
DNN,yes,timeseries,3,0.7828,0.0796,0.0578,888
DNN,yes,timeseries,4,0.7276,0.0868,0.0638,888
DNN,yes,timeseries,5,0.8241,0.0666,0.0475,888
DNN,no,random,1,0.8403,0.0713,0.0523,1138
DNN,no,random,2,0.8315,0.074,0.0537,1138
DNN,no,random,3,0.8431,0.0705,0.0494,1138
DNN,no,random,4,0.8284,0.0751,0.0552,1137
DNN,no,random,5,0.8567,0.0682,0.0491,1137
DNN,no,governorate,1,0.5488,0.1225,0.0876,1138
DNN,no,governorate,2,0.6412,0.1143,0.0805,1138
DNN,no,governorate,3,0.6312,0.1071,0.0734,1138
DNN,no,governorate,4,0.5818,0.1064,0.0796,1137
DNN,no,governorate,5,0.6638,0.1058,0.08,1137
DNN,no,country,1,0.1,0.1419,0.1086,1137
DNN,no,country,2,0.3607,0.1563,0.1206,1138
DNN,no,country,3,0.5258,0.1297,0.0985,1137
DNN,no,country,4,0.0645,0.1462,0.1065,1138
DNN,no,country,5,0.3396,0.157,0.1213,1138
DNN,no,timeseries,1,0.638,0.1132,0.0796,948
DNN,no,timeseries,2,0.724,0.0944,0.0671,948
DNN,no,timeseries,3,0.7682,0.0852,0.0612,948
DNN,no,timeseries,4,0.7878,0.0764,0.0538,948
DNN,no,timeseries,5,0.6712,0.095,0.0649,948
DNN+KNN,yes,random,1,0.9062,0.0539,0.0368,1066
DNN+KNN,yes,random,2,0.9301,0.0455,0.0315,1066
DNN+KNN,yes,random,3,0.9236,0.0497,0.0335,1066
DNN+KNN,yes,random,4,0.9188,0.0505,0.034,1066
DNN+KNN,yes,random,5,0.9232,0.0495,0.0343,1066
DNN+KNN,yes,governorate,1,0.6359,0.109,0.0786,1066
DNN+KNN,yes,governorate,2,0.6794,0.1035,0.0767,1066
DNN+KNN,yes,governorate,3,0.5991,0.1115,0.083,1066
DNN+KNN,yes,governorate,4,0.5873,0.109,0.0775,1066
DNN+KNN,yes,governorate,5,0.6867,0.097,0.0683,1066
DNN+KNN,yes,country,1,0.5256,0.1428,0.1171,1066
DNN+KNN,yes,country,2,-0.4935,0.1469,0.1083,1067
DNN+KNN,yes,country,3,0.4523,0.1327,0.0964,1065
DNN+KNN,yes,country,4,0.5062,0.1214,0.0947,1066
DNN+KNN,yes,country,5,0.3717,0.1351,0.0983,1066
DNN+KNN,yes,timeseries,1,0.8192,0.0797,0.0577,888
DNN+KNN,yes,timeseries,2,0.738,0.089,0.0627,888
DNN+KNN,yes,timeseries,3,0.8426,0.0678,0.0465,888
DNN+KNN,yes,timeseries,4,0.8629,0.0616,0.0435,888
DNN+KNN,yes,timeseries,5,0.8898,0.0527,0.0345,888
DNN+KNN,no,random,1,0.8878,0.0598,0.0407,1138
DNN+KNN,no,random,2,0.8958,0.0582,0.0393,1138
DNN+KNN,no,random,3,0.9009,0.056,0.0379,1138
DNN+KNN,no,random,4,0.8906,0.06,0.0404,1137
DNN+KNN,no,random,5,0.8987,0.0574,0.0389,1137
DNN+KNN,no,governorate,1,0.5208,0.1262,0.0885,1138
DNN+KNN,no,governorate,2,0.6265,0.1166,0.0807,1138
DNN+KNN,no,governorate,3,0.6263,0.1078,0.076,1138
DNN+KNN,no,governorate,4,0.5962,0.1045,0.0761,1137
DNN+KNN,no,governorate,5,0.6426,0.1091,0.0779,1137
DNN+KNN,no,country,1,0.1181,0.1405,0.1063,1137
DNN+KNN,no,country,2,0.3765,0.1543,0.1174,1138
DNN+KNN,no,country,3,0.4032,0.1455,0.1138,1137
DNN+KNN,no,country,4,0.0325,0.1486,0.1096,1138
DNN+KNN,no,country,5,0.3259,0.1586,0.1232,1138
DNN+KNN,no,timeseries,1,0.7043,0.1023,0.0695,948
DNN+KNN,no,timeseries,2,0.7616,0.0877,0.0605,948
DNN+KNN,no,timeseries,3,0.8385,0.0712,0.0485,948
DNN+KNN,no,timeseries,4,0.8334,0.0677,0.044,948
DNN+KNN,no,timeseries,5,0.7198,0.0877,0.057,948
DNN+XGB,yes,random,1,0.876,0.062,0.0447,1066
DNN+XGB,yes,random,2,0.9081,0.0521,0.0373,1066
DNN+XGB,yes,random,3,0.8987,0.0572,0.0408,1066
DNN+XGB,yes,random,4,0.9009,0.0557,0.0398,1066
DNN+XGB,yes,random,5,0.8984,0.0569,0.0415,1066
DNN+XGB,yes,governorate,1,0.7516,0.09,0.0665,1066
DNN+XGB,yes,governorate,2,0.7173,0.0972,0.0706,1066
DNN+XGB,yes,governorate,3,0.6942,0.0974,0.0726,1066
DNN+XGB,yes,governorate,4,0.6983,0.0932,0.0662,1066
DNN+XGB,yes,governorate,5,0.7407,0.0883,0.0639,1066
DNN+XGB,yes,country,1,0.5165,0.1156,0.0903,1066
DNN+XGB,yes,country,2,0.4139,0.0941,0.0675,1067
DNN+XGB,yes,country,3,0.766,0.1014,0.0771,1065
DNN+XGB,yes,country,4,0.6071,0.1171,0.0881,1066
DNN+XGB,yes,country,5,0.5029,0.1144,0.0791,1066
DNN+XGB,yes,timeseries,1,0.8589,0.0704,0.051,888
DNN+XGB,yes,timeseries,2,0.767,0.0839,0.0591,888
DNN+XGB,yes,timeseries,3,0.85,0.0662,0.0475,888
DNN+XGB,yes,timeseries,4,0.8367,0.0672,0.0486,888
DNN+XGB,yes,timeseries,5,0.8535,0.0608,0.0432,888
DNN+XGB,no,random,1,0.8671,0.0651,0.0471,1138
DNN+XGB,no,random,2,0.8863,0.0608,0.0444,1138
DNN+XGB,no,random,3,0.8918,0.0585,0.0421,1138
DNN+XGB,no,random,4,0.8822,0.0622,0.0452,1137
DNN+XGB,no,random,5,0.8948,0.0585,0.0427,1137
DNN+XGB,no,governorate,1,0.6646,0.1056,0.0796,1138
DNN+XGB,no,governorate,2,0.7413,0.097,0.0688,1138
DNN+XGB,no,governorate,3,0.7596,0.0865,0.0616,1138
DNN+XGB,no,governorate,4,0.7356,0.0846,0.0625,1137
DNN+XGB,no,governorate,5,0.7129,0.0978,0.0729,1137
DNN+XGB,no,country,1,0.3348,0.122,0.0917,1137
DNN+XGB,no,country,2,0.5469,0.1316,0.1024,1138
DNN+XGB,no,country,3,0.631,0.1144,0.0858,1137
DNN+XGB,no,country,4,0.4961,0.1073,0.0759,1138
DNN+XGB,no,country,5,0.5189,0.134,0.1035,1138
DNN+XGB,no,timeseries,1,0.812,0.0816,0.0559,948
DNN+XGB,no,timeseries,2,0.8214,0.0759,0.0538,948
DNN+XGB,no,timeseries,3,0.8516,0.0682,0.0499,948
DNN+XGB,no,timeseries,4,0.8465,0.065,0.0468,948
DNN+XGB,no,timeseries,5,0.7998,0.0741,0.0534,948
KNN,yes,random,1,0.9179,0.0504,0.032,1066
KNN,yes,random,2,0.9289,0.0459,0.0292,1066
KNN,yes,random,3,0.9302,0.0475,0.0302,1066
KNN,yes,random,4,0.9174,0.0509,0.0314,1066
KNN,yes,random,5,0.9269,0.0483,0.0309,1066
KNN,yes,governorate,1,0.5422,0.1222,0.0882,1066
KNN,yes,governorate,2,0.6421,0.1094,0.0796,1066
KNN,yes,governorate,3,0.4861,0.1262,0.0928,1066
KNN,yes,governorate,4,0.5008,0.1198,0.085,1066
KNN,yes,governorate,5,0.6423,0.1037,0.0743,1066
KNN,yes,country,1,0.4894,0.1481,0.118,1066
KNN,yes,country,2,-0.8804,0.1648,0.1223,1067
KNN,yes,country,3,0.368,0.1425,0.1045,1065
KNN,yes,country,4,0.3694,0.1372,0.1081,1066
KNN,yes,country,5,0.325,0.14,0.1027,1066
KNN,yes,timeseries,1,0.8046,0.0829,0.0604,888
KNN,yes,timeseries,2,0.7227,0.0915,0.0632,888
KNN,yes,timeseries,3,0.827,0.071,0.0475,888
KNN,yes,timeseries,4,0.8769,0.0583,0.0392,888
KNN,yes,timeseries,5,0.8854,0.0538,0.0337,888
KNN,no,random,1,0.8819,0.0613,0.0386,1138
KNN,no,random,2,0.8976,0.0577,0.0368,1138
KNN,no,random,3,0.8975,0.0569,0.0367,1138
KNN,no,random,4,0.8882,0.0606,0.0371,1137
KNN,no,random,5,0.8876,0.0604,0.038,1137
KNN,no,governorate,1,0.379,0.1437,0.099,1138
KNN,no,governorate,2,0.5426,0.129,0.0891,1138
KNN,no,governorate,3,0.5173,0.1225,0.0872,1138
KNN,no,governorate,4,0.4984,0.1165,0.0848,1137
KNN,no,governorate,5,0.5245,0.1259,0.0885,1137
KNN,no,country,1,-0.1168,0.1581,0.1192,1137
KNN,no,country,2,0.2856,0.1652,0.1261,1138
KNN,no,country,3,0.2212,0.1663,0.1309,1137
KNN,no,country,4,-0.1549,0.1624,0.1212,1138
KNN,no,country,5,0.1831,0.1746,0.1367,1138
KNN,no,timeseries,1,0.6722,0.1077,0.074,948
KNN,no,timeseries,2,0.7194,0.0952,0.0651,948
KNN,no,timeseries,3,0.8276,0.0735,0.0496,948
KNN,no,timeseries,4,0.8109,0.0721,0.0449,948
KNN,no,timeseries,5,0.6653,0.0958,0.0608,948
RF,yes,random,1,0.9017,0.0552,0.0368,1066
RF,yes,random,2,0.9173,0.0494,0.0333,1066
RF,yes,random,3,0.9158,0.0521,0.0349,1066
RF,yes,random,4,0.9204,0.05,0.0335,1066
RF,yes,random,5,0.9212,0.0501,0.0343,1066
RF,yes,governorate,1,0.7295,0.0939,0.0698,1066
RF,yes,governorate,2,0.7071,0.099,0.0712,1066
RF,yes,governorate,3,0.6568,0.1032,0.0777,1066
RF,yes,governorate,4,0.6947,0.0937,0.0699,1066
RF,yes,governorate,5,0.7148,0.0926,0.0692,1066
RF,yes,country,1,0.621,0.1276,0.1055,1066
RF,yes,country,2,0.1132,0.1132,0.0872,1067
RF,yes,country,3,0.6659,0.1036,0.0779,1065
RF,yes,country,4,0.6166,0.107,0.0856,1066
RF,yes,country,5,0.5424,0.1153,0.0814,1066
RF,yes,timeseries,1,0.8687,0.068,0.0468,888
RF,yes,timeseries,2,0.7799,0.0816,0.0562,888
RF,yes,timeseries,3,0.8561,0.0648,0.0445,888
RF,yes,timeseries,4,0.8811,0.0574,0.04,888
RF,yes,timeseries,5,0.8331,0.0649,0.0445,888
RF,no,random,1,0.8907,0.059,0.0388,1138
RF,no,random,2,0.9141,0.0528,0.0352,1138
RF,no,random,3,0.9195,0.0505,0.0343,1138
RF,no,random,4,0.9167,0.0523,0.0354,1137
RF,no,random,5,0.9145,0.0527,0.036,1137
RF,no,governorate,1,0.6293,0.111,0.0827,1138
RF,no,governorate,2,0.7574,0.094,0.067,1138
RF,no,governorate,3,0.7397,0.09,0.069,1138
RF,no,governorate,4,0.7484,0.0825,0.0621,1137
RF,no,governorate,5,0.6637,0.1059,0.0757,1137
RF,no,country,1,0.2506,0.1295,0.1001,1137
RF,no,country,2,0.589,0.1253,0.0983,1138
RF,no,country,3,0.5654,0.1242,0.0932,1137
RF,no,country,4,0.6027,0.0953,0.0678,1138
RF,no,country,5,0.5143,0.1346,0.104,1138
RF,no,timeseries,1,0.8322,0.0771,0.0533,948
RF,no,timeseries,2,0.8209,0.076,0.0526,948
RF,no,timeseries,3,0.8666,0.0647,0.0464,948
RF,no,timeseries,4,0.8703,0.0597,0.0417,948
RF,no,timeseries,5,0.8225,0.0698,0.0506,948
SVR,yes,random,1,0.8041,0.0779,0.0628,1066
SVR,yes,random,2,0.8224,0.0725,0.0585,1066
SVR,yes,random,3,0.8354,0.0729,0.0594,1066
SVR,yes,random,4,0.8173,0.0757,0.0613,1066
SVR,yes,random,5,0.8239,0.0749,0.0608,1066
SVR,yes,governorate,1,0.5757,0.1176,0.0887,1066
SVR,yes,governorate,2,0.4257,0.1386,0.0976,1066
SVR,yes,governorate,3,0.4641,0.1289,0.103,1066
SVR,yes,governorate,4,0.2775,0.1442,0.1089,1066
SVR,yes,governorate,5,0.5246,0.1195,0.0928,1066
SVR,yes,country,1,0.1426,0.1919,0.1443,1066
SVR,yes,country,2,-1.2032,0.1784,0.1319,1067
SVR,yes,country,3,0.189,0.1614,0.1238,1065
SVR,yes,country,4,0.3869,0.1353,0.1073,1066
SVR,yes,country,5,0.1844,0.1539,0.1189,1066
SVR,yes,timeseries,1,0.7472,0.0943,0.0741,888
SVR,yes,timeseries,2,0.5715,0.1138,0.0872,888
SVR,yes,timeseries,3,0.7111,0.0918,0.0734,888
SVR,yes,timeseries,4,0.7588,0.0817,0.0677,888
SVR,yes,timeseries,5,0.7501,0.0794,0.0638,888
SVR,no,random,1,0.7726,0.0851,0.0677,1138
SVR,no,random,2,0.794,0.0818,0.0647,1138
SVR,no,random,3,0.7808,0.0833,0.0655,1138
SVR,no,random,4,0.7767,0.0857,0.0668,1137
SVR,no,random,5,0.8056,0.0795,0.064,1137
SVR,no,governorate,1,0.3672,0.145,0.1046,1138
SVR,no,governorate,2,0.4936,0.1357,0.1015,1138
SVR,no,governorate,3,0.4487,0.1309,0.0924,1138
SVR,no,governorate,4,0.3245,0.1352,0.1013,1137
SVR,no,governorate,5,0.3701,0.1449,0.1094,1137
SVR,no,country,1,-0.8685,0.2045,0.1559,1137
SVR,no,country,2,0.2359,0.1709,0.1283,1138
SVR,no,country,3,0.3198,0.1554,0.1203,1137
SVR,no,country,4,-0.2589,0.1696,0.1252,1138
SVR,no,country,5,-0.0466,0.1976,0.1486,1138
SVR,no,timeseries,1,0.6681,0.1084,0.0808,948
SVR,no,timeseries,2,0.65,0.1063,0.0808,948
SVR,no,timeseries,3,0.715,0.0945,0.0737,948
SVR,no,timeseries,4,0.7175,0.0881,0.0703,948
SVR,no,timeseries,5,0.2875,0.1398,0.1007,948
XGB,yes,random,1,0.8705,0.0633,0.0454,1066
XGB,yes,random,2,0.8801,0.0596,0.0428,1066
XGB,yes,random,3,0.8809,0.062,0.0444,1066
XGB,yes,random,4,0.8814,0.061,0.0435,1066
XGB,yes,random,5,0.8851,0.0605,0.0445,1066
XGB,yes,governorate,1,0.744,0.0914,0.0685,1066
XGB,yes,governorate,2,0.7421,0.0929,0.0677,1066
XGB,yes,governorate,3,0.6775,0.1,0.0755,1066
XGB,yes,governorate,4,0.7132,0.0908,0.0666,1066
XGB,yes,governorate,5,0.7281,0.0904,0.0663,1066
XGB,yes,country,1,0.6444,0.1236,0.1014,1066
XGB,yes,country,2,0.1148,0.1131,0.0847,1067
XGB,yes,country,3,0.6358,0.1082,0.0807,1065
XGB,yes,country,4,0.5979,0.1096,0.0888,1066
XGB,yes,country,5,0.5853,0.1097,0.0774,1066
XGB,yes,timeseries,1,0.8671,0.0684,0.0473,888
XGB,yes,timeseries,2,0.7633,0.0846,0.0591,888
XGB,yes,timeseries,3,0.8368,0.069,0.0496,888
XGB,yes,timeseries,4,0.8425,0.066,0.0485,888
XGB,yes,timeseries,5,0.8243,0.0666,0.0485,888
XGB,no,random,1,0.845,0.0703,0.0505,1138
XGB,no,random,2,0.8786,0.0628,0.0461,1138
XGB,no,random,3,0.8832,0.0608,0.0442,1138
XGB,no,random,4,0.8784,0.0632,0.0456,1137
XGB,no,random,5,0.8787,0.0628,0.0463,1137
XGB,no,governorate,1,0.6598,0.1063,0.0812,1138
XGB,no,governorate,2,0.7556,0.0943,0.068,1138
XGB,no,governorate,3,0.7528,0.0877,0.066,1138
XGB,no,governorate,4,0.7462,0.0829,0.0631,1137
XGB,no,governorate,5,0.6915,0.1014,0.076,1137
XGB,no,country,1,0.3382,0.1217,0.0933,1137
XGB,no,country,2,0.5856,0.1258,0.0986,1138
XGB,no,country,3,0.6097,0.1177,0.0881,1137
XGB,no,country,4,0.6128,0.094,0.0668,1138
XGB,no,country,5,0.5653,0.1274,0.0969,1138
XGB,no,timeseries,1,0.8323,0.0771,0.0526,948
XGB,no,timeseries,2,0.8193,0.0764,0.055,948
XGB,no,timeseries,3,0.8429,0.0702,0.0532,948
XGB,no,timeseries,4,0.8338,0.0676,0.0504,948
XGB,no,timeseries,5,0.7985,0.0743,0.0552,948
