Country,Region,adm1_code
Afghanistan,Badakhshan,272
Afghanistan,Badghis,273
Afghanistan,Baghlan,274
Afghanistan,Balkh,275
Afghanistan,Bamyan,276
Afghanistan,Daykundi,99878
Afghanistan,Farah,277
Afghanistan,Faryab,278
Afghanistan,Ghazni,279
Afghanistan,Ghor,280
Afghanistan,Hilmand,281
Afghanistan,Hirat,282
Afghanistan,Jawzjan,283
Afghanistan,Kabul,284
Afghanistan,Kandahar,285
Afghanistan,Kapisa,286
Afghanistan,Khost,287
Afghanistan,Kunar,288
Afghanistan,Kunduz,289
Afghanistan,Laghman,290
Afghanistan,Logar,291
Afghanistan,Nangarhar,292
Afghanistan,Nimroz,293
Afghanistan,Nuristan,294
Afghanistan,Paktika,295
Afghanistan,Paktya,296
Afghanistan,Panjsher,99879
Afghanistan,Parwan,99880
Afghanistan,Samangan,298
Afghanistan,Sar-e-Pul,299
Afghanistan,Takhar,300
Afghanistan,Uruzgan,99881
Afghanistan,Wardak,302
Afghanistan,Zabul,303
Albania,Berat,305
Albania,Bulqize,306
Albania,Delvine,307
Albania,Devoll,308
Albania,Diber,309
Albania,Durres,310
Albania,Elbasan,311
Albania,Fier,312
Albania,Gjirokaster,313
Albania,Gramsh,314
Albania,Has,315
Albania,Kavaje,316
Albania,Kolonje,317
Albania,Korce,318
Albania,Kruje,319
Albania,Kucove,320
Albania,Kukes,321
Albania,Kurbin,322
Albania,Lezhe,323
Albania,Librazhd,324
Albania,Lushnje,325
Albania,Malesi E Madhe,326
Albania,Mallakaster,327
Albania,Mat,328
Albania,Mirdite,329
Albania,Peqin,330
Albania,Permet,331
Albania,Pogradec,332
Albania,Puke,333
Albania,Sarande,334
Albania,Shkoder,335
Albania,Skrapar,336
Albania,Tepelene,337
Albania,Tirane,338
Albania,Tropoje,339
Albania,Vlore,340
Angola,Bengo,398
Angola,Benguela,399
Angola,Bie,400
Angola,Cabinda,401
Angola,Cuando Cubango,402
Angola,Cuanza Sul,403
Angola,Cunene,404
Angola,Huambo,405
Angola,Huila,406
Angola,Kuanza Norte,407
Angola,Luanda,408
Angola,Lunda Norte,409
Angola,Lunda Sul,410
Angola,Malanje,411
Angola,Moxico,412
Angola,Namibe,413
Angola,Uige,414
Angola,Zaire,415
Azerbaijan,Absheron,147297
Azerbaijan,Administrative unit not available,147307
Azerbaijan,Aran,147298
Azerbaijan,Daghlig Shirvan,147299
Azerbaijan,Ganja-Gazakh,147300
Azerbaijan,Guba-Khachmaz,147301
Azerbaijan,Kalbajar-Lachin,147302
Azerbaijan,Lankaran,147303
Azerbaijan,Nakhchivan,147304
Azerbaijan,Shaki-Zaqatala,147305
Azerbaijan,Yukhari Garabakh,147306
Bangladesh,Barisal,575
Bangladesh,Chittagong,576
Bangladesh,Dhaka,577
Bangladesh,Khulna,578
Bangladesh,Rajshahi,61362
Bangladesh,Rangpur,61363
Bangladesh,Sylhet,580
Belize,Belize,603
Belize,Cayo,604
Belize,Corozal,605
Belize,Orange Walk,606
Belize,Stann Creek,607
Belize,Toledo,608
Benin,Alibori,609
Benin,Atakora,610
Benin,Atlantique,611
Benin,Borgou,612
Benin,Collines,613
Benin,Couffo,614
Benin,Donga,615
Benin,Littoral,616
Benin,Mono,617
Benin,Oueme,618
Benin,Plateau,619
Benin,Zou,620
Bhutan,Bumthang,622
Bhutan,Chhukha,623
Bhutan,Dagana,41308
Bhutan,Gasa,625
Bhutan,Haa,41309
Bhutan,Lhuentse,627
Bhutan,Monggar,628
Bhutan,Paro,629
Bhutan,Pemagatshel,41310
Bhutan,Punakha,631
Bhutan,Samdrupjongkhar,41311
Bhutan,Samtse,41312
Bhutan,Sarpang,41313
Bhutan,Thimphu,635
Bhutan,Trashigang,637
Bhutan,Trashiyangtse,636
Bhutan,Trongsa,638
Bhutan,Tsirang,639
Bhutan,Wangduephodrang,640
Bhutan,Zhemgang,41314
Bolivia,Beni,40443
Bolivia,Chuquisaca,40444
Bolivia,Cochabamba,40445
Bolivia,La Paz,40446
Bolivia,Oruro,40447
Bolivia,Pando,648
Bolivia,Potosi,40448
Bolivia,Santa Cruz,40449
Bolivia,Tarija,40450
Botswana,Central,654
Botswana,Chobe,655
Botswana,Ghanzi,656
Botswana,Kgalagadi,657
Botswana,Kgatleng,658
Botswana,Kweneng,659
Botswana,Ngamiland,660
Botswana,North East,661
Botswana,South-East,662
Botswana,Southern,663
Brazil,Acre,665
Brazil,Alagoas,666
Brazil,Amapa,667
Brazil,Amazonas,668
Brazil,Bahia,669
Brazil,Ceara,670
Brazil,Distrito Federal,671
Brazil,Espirito Santo,672
Brazil,Goias,673
Brazil,Maranhao,674
Brazil,Mato Grosso,675
Brazil,Mato Grosso Do Sul,676
Brazil,Minas Gerais,677
Brazil,Name Unknown,692
Brazil,Para,678
Brazil,Paraiba,679
Brazil,Parana,680
Brazil,Pernambuco,681
Brazil,Piaui,682
Brazil,Rio De Janeiro,683
Brazil,Rio Grande Do Norte,684
Brazil,Rio Grande Do Sul,685
Brazil,Rondonia,686
Brazil,Roraima,687
Brazil,Santa Catarina,688
Brazil,Sao Paulo,689
Brazil,Sergipe,690
Brazil,Tocantins,691
Burkina Faso,Boucle Du Mouhoun,40276
Burkina Faso,Cascades,40277
Burkina Faso,Centre,40278
Burkina Faso,Centre-est,40279
Burkina Faso,Centre-nord,40280
Burkina Faso,Centre-ouest,40281
Burkina Faso,Centre-sud,40282
Burkina Faso,Est,40283
Burkina Faso,Hauts-bassins,40284
Burkina Faso,Nord,40285
Burkina Faso,Plateau Central,40286
Burkina Faso,Sahel,40287
Burkina Faso,Sud-ouest,40288
Burundi,Bubanza,40542
Burundi,Bujumbura Mairie,40543
Burundi,Bujumbura Rural,40544
Burundi,Bururi,40545
Burundi,Cankuzo,40546
Burundi,Cibitoke,40547
Burundi,Gitega,40548
Burundi,Karuzi,40549
Burundi,Kayanza,40550
Burundi,Kirundo,40551
Burundi,Makamba,40552
Burundi,Muramvya,40553
Burundi,Muyinga,40554
Burundi,Mwaro,40555
Burundi,Ngozi,40556
Burundi,Rutana,40557
Burundi,Ruyigi,40558
Cambodia,Area under National Administration 1,65290
Cambodia,Area under National Administration 2,65289
Cambodia,Banteay Meanchey,791
Cambodia,Battambang,792
Cambodia,Kampong Cham,793
Cambodia,Kampong Chhnang,794
Cambodia,Kampong Speu,795
Cambodia,Kampong Thom,796
Cambodia,Kampot,797
Cambodia,Kandal,798
Cambodia,Kep,800
Cambodia,Koh Kong,799
Cambodia,Kratie,801
Cambodia,Mondul Kiri,803
Cambodia,Otdar Meanchey,804
Cambodia,Pailin,805
Cambodia,Phnom Penh,806
Cambodia,Preah Sihanouk,802
Cambodia,Preah Vihear,807
Cambodia,Prey Veng,808
Cambodia,Pursat,809
Cambodia,Ratanak Kiri,810
Cambodia,Siem Reap,811
Cambodia,Stung Treng,812
Cambodia,Svay Rieng,813
Cambodia,Takeo,814
Cameroon,Adamaoua,815
Cameroon,Centre,816
Cameroon,Est,817
Cameroon,Extrême - Nord,818
Cameroon,Littoral,819
Cameroon,Nord,820
Cameroon,Nord - Ouest,821
Cameroon,Ouest,822
Cameroon,Sud,823
Cameroon,Sud - Ouest,824
Central African Republic,Bamingui-Bangoran,853
Central African Republic,Bangui,67154
Central African Republic,Basse-Kotto,854
Central African Republic,Haut-Mbomou,855
Central African Republic,Haute-Kotto,856
Central African Republic,Kémo,857
Central African Republic,Lobaye,858
Central African Republic,Mambéré-Kadéï,859
Central African Republic,Mbomou,860
Central African Republic,Nana-Gribizi,861
Central African Republic,Nana-Mambéré,862
Central African Republic,Ombella M'Poko,863
Central African Republic,Ouaka,864
Central African Republic,Ouham,865
Central African Republic,Ouham Pendé,866
Central African Republic,Sangha-Mbaéré,867
Central African Republic,Vakaga,868
Chad,Assongha,12926
Chad,Baguirmi,12910
Chad,Barh Koh,12923
Chad,Barl El Gazal,12914
Chad,Batha Est,12904
Chad,Batha Ouest,12905
Chad,Biltine,870
Chad,Borkou,12907
Chad,Daraba,12911
Chad,Ennedi,12908
Chad,Guera,873
Chad,Hadjer Lamis,12912
Chad,Kabia,12920
Chad,Kanem,12915
Chad,Lac,875
Chad,Lac Iro,12924
Chad,Logone Occidental,876
Chad,Logone Oriental,12918
Chad,Mandoul,12925
Chad,Mayo-Boneye,12921
Chad,Mayo-Dala,12922
Chad,Mont De Lam,12919
Chad,Ouaddai,12927
Chad,Salamat,881
Chad,Sila,12928
Chad,Tandjile Est,12930
Chad,Tandjile Ouest,12931
Chad,Tibesti,12909
Congo,Bouenza,970
Congo,Brazzaville,190432
Congo,Cuvette,971
Congo,Cuvette-Ouest,972
Congo,Kouilou,190433
Congo,Lekoumou,974
Congo,Likouala,975
Congo,Niari,976
Congo,Plateaux,977
Congo,Point-Noire,190434
Congo,Pool,190431
Congo,Sangha,979
Costa Rica,Alajuela,981
Costa Rica,Cartago,982
Costa Rica,Guanacaste,983
Costa Rica,Heredia,984
Costa Rica,Limon,985
Costa Rica,Puntarenas,986
Costa Rica,San Jose,987
Cuba,Camaguey,1009
Cuba,Ciego De Avila,1010
Cuba,Cienfuegos,1011
Cuba,Ciudad De La Habana,1012
Cuba,Granma,1013
Cuba,Guantanamo,1014
Cuba,Holguin,1015
Cuba,Isla De La Juventud,1016
Cuba,La Habana,1017
Cuba,Las Tunas,1018
Cuba,Matanzas,1019
Cuba,Pinar Del Rio,1020
Cuba,Sancti Spiritus,1021
Cuba,Santiago De Cuba,1022
Cuba,Villa Clara,1023
Djibouti,Ali Sabieh,1093
Djibouti,Dikhil,1094
Djibouti,Djibouti,1095
Djibouti,Obock,1096
Djibouti,Tadjourah,1097
Dominican Republic,Azua,1108
Dominican Republic,Baoruco,1109
Dominican Republic,Barahona,1110
Dominican Republic,Dajabon,1111
Dominican Republic,Distrito Nacional,36858
Dominican Republic,Duarte,1113
Dominican Republic,El Seibo,1114
Dominican Republic,Elias Pina,1118
Dominican Republic,Espaillat,1115
Dominican Republic,Hato Mayor,36854
Dominican Republic,Independencia,1116
Dominican Republic,La Altagracia,1117
Dominican Republic,La Romana,1119
Dominican Republic,La Vega,1120
Dominican Republic,Maria Trinidad Sanches,1121
Dominican Republic,Monsenor Nouel,36855
Dominican Republic,Monte Cristi,1122
Dominican Republic,Monte Plata,36856
Dominican Republic,Pedernales,1123
Dominican Republic,Peravia,1124
Dominican Republic,Puerto Plata,1125
Dominican Republic,Salcedo,1126
Dominican Republic,Samana,1127
Dominican Republic,San Cristobal,1128
Dominican Republic,San José de Ocoa,36857
Dominican Republic,San Juan,1129
Dominican Republic,San Pedro de Macoris,1130
Dominican Republic,Sanchez Ramirez,1131
Dominican Republic,Santiago,1132
Dominican Republic,Santiago Rodriguez,1133
Dominican Republic,Santo Domingo,1112
Dominican Republic,Valverde,1134
Ecuador,Azuay,1135
Ecuador,Bolivar,1136
Ecuador,Canar,1137
Ecuador,Carchi,1138
Ecuador,Chimborazo,1139
Ecuador,Cotopaxi,1140
Ecuador,El Oro,1141
Ecuador,Esmeraldas,1142
Ecuador,Galapagos,1143
Ecuador,Guayas,22005
Ecuador,Imbabura,1145
Ecuador,Loja,1146
Ecuador,Los Rios,1147
Ecuador,Manabi,1148
Ecuador,Morona Santiago,1149
Ecuador,Napo,1150
Ecuador,Orellana,1151
Ecuador,Pastaza,1152
Ecuador,Pichincha,22006
Ecuador,Santa Elena,22007
Ecuador,Santo Domingo de los Tsachilas,22008
Ecuador,Sucumbios,1154
Ecuador,Tungurahua,1155
Ecuador,Zamora Chinchipe,1156
Ecuador,Zona No Delimitada,1157
Egypt,Alexandria,61510
Egypt,Assiut,61511
Egypt,Aswan,61512
Egypt,Behera,61513
Egypt,Beni Suef,61514
Egypt,Cairo,61515
Egypt,Dakahlia,61516
Egypt,Damietta,61517
Egypt,Fayoum,61518
Egypt,Gharbia,61519
Egypt,Giza,61520
Egypt,Ismailia,61521
Egypt,Kafr El-Shikh,61522
Egypt,Kalyoubia,61523
Egypt,Luxor,61524
Egypt,Matrouh,61525
Egypt,Menia,61526
Egypt,Menoufia,61527
Egypt,New Valley,61528
Egypt,North Sinai,61529
Egypt,Port Said,61530
Egypt,Qena,61531
Egypt,Red Sea,61532
Egypt,Shrkia,61533
Egypt,South Sinai,61534
Egypt,Suez,61535
Egypt,Suhag,61536
El Salvador,Ahuachapan,1184
El Salvador,Cabanas,1185
El Salvador,Chalatenango,1186
El Salvador,Cuscatlan,1187
El Salvador,La Libertad,1188
El Salvador,La Paz,1189
El Salvador,La Union,1190
El Salvador,Morazan,1191
El Salvador,San Miguel,1192
El Salvador,San Salvador,1193
El Salvador,San Vicente,1194
El Salvador,Santa Ana,1195
El Salvador,Sonsonate,1196
El Salvador,Usulutan,1197
Ethiopia,Addis Ababa,1227
Ethiopia,Afar,1228
Ethiopia,Amhara,1229
Ethiopia,Beneshangul Gumu,1230
Ethiopia,Dire Dawa,1231
Ethiopia,Gambela,1232
Ethiopia,Hareri,1233
Ethiopia,Oromia,47678
Ethiopia,SNNPR,1236
Ethiopia,Somali,47679
Ethiopia,Tigray,1237
Fiji,Central,40187
Fiji,Eastern,40188
Fiji,Northern,40189
Fiji,Western,40190
Gabon,Estuaire,1275
Gabon,Haut-Ogooue,1276
Gabon,Moyen-Ogooue,1277
Gabon,Ngounie,1278
Gabon,Nyanga,1279
Gabon,Ogooue-Ivindo,1280
Gabon,Ogooue-Maritime,1282
Gabon,Ogooue-lolo,1281
Gabon,Woleu-Ntem,1283
Ghana,Ashanti,1324
Ghana,Brong Ahafo,1325
Ghana,Central,1326
Ghana,Eastern,1327
Ghana,Greater Accra,1328
Ghana,Northern,1329
Ghana,Upper East,1330
Ghana,Upper West,1331
Ghana,Volta,1332
Ghana,Western,1333
Guatemala,Alta Verapaz,64836
Guatemala,Baja Verapaz,64835
Guatemala,Chimaltenango,64824
Guatemala,Chiquimula,64840
Guatemala,El Progreso,64822
Guatemala,Escuintla,64825
Guatemala,Guatemala,64821
Guatemala,Huehuetenango,64833
Guatemala,Izabal,64838
Guatemala,Jalapa,64841
Guatemala,Jutiapa,64842
Guatemala,Petén,64837
Guatemala,Quetzaltenango,64829
Guatemala,Quiché,64834
Guatemala,Retalhuleu,64831
Guatemala,Sacatepéquez,64823
Guatemala,San Marcos,64832
Guatemala,Santa Rosa,64826
Guatemala,Sololá,64827
Guatemala,Suchitepéquez,64830
Guatemala,Totonicapán,64828
Guatemala,Zacapa,64839
Guinea,Boke,40700
Guinea,Conakry,40701
Guinea,Faranah,40702
Guinea,Kankan,40703
Guinea,Kindia,40704
Guinea,Labe,40705
Guinea,Mamou,40706
Guinea,Nzerekore,40707
Guinea-Bissau,Bafata,1385
Guinea-Bissau,Biombo,1386
Guinea-Bissau,Bolama/bijagos,1387
Guinea-Bissau,Cacheu,1388
Guinea-Bissau,Gabu,1389
Guinea-Bissau,Oio,1390
Guinea-Bissau,Quinara,1391
Guinea-Bissau,Sector Autonomo De Bissau,1392
Guinea-Bissau,Tombali,1393
Haiti,Artibonite,1409
Haiti,Centre,1410
Haiti,Grande Anse,72911
Haiti,Nippes,72912
Haiti,Nord,1412
Haiti,Nord Est,1413
Haiti,Nord Ouest,1414
Haiti,Ouest,1415
Haiti,Sud,1416
Haiti,Sud Est,1417
Honduras,Atlantida,1420
Honduras,Choluteca,1421
Honduras,Colon,1422
Honduras,Comayagua,1423
Honduras,Copan,1424
Honduras,Cortes,1425
Honduras,Francisco Morazan,1426
Honduras,Gracias A Dios,1427
Honduras,Intibuca,1428
Honduras,Islas De Bahia,1429
Honduras,La Paz,1430
Honduras,Lempira,1431
Honduras,Name Unknown,1432
Honduras,Ocotepeque,1433
Honduras,Olancho,1434
Honduras,Paraiso,1435
Honduras,Santa Barbara,1436
Honduras,Valle,1437
Honduras,Yoro,1438
India,Andaman and Nicobar,1484
India,Andhra Pradesh,1485
India,Arunachal Pradesh,70072
India,Assam,1487
India,Bihar,70073
India,Chandigarh,70074
India,Chhattisgarh,70075
India,Dadra and Nagar Haveli,70076
India,Daman and Diu,70077
India,Delhi,1489
India,Goa,1490
India,Gujarat,1491
India,Haryana,1492
India,Himachal Pradesh,1493
India,Jharkhand,70078
India,Karnataka,1494
India,Kerala,1495
India,Lakshadweep,1496
India,Madhya Pradesh,70079
India,Maharashtra,1498
India,Manipur,1500
India,Meghalaya,1501
India,Mizoram,1502
India,Nagaland,1503
India,Orissa,1504
India,Puducherry,70080
India,Punjab,1505
India,Rajasthan,1506
India,Sikkim,1507
India,Tamil Nadu,1508
India,Tripura,1509
India,Uttar Pradesh,70081
India,Uttarakhand,70082
India,West Bengal,1511
Indonesia,Bali,1513
Indonesia,Bangka Belitung,73609
Indonesia,Banten,73610
Indonesia,Bengkulu,1514
Indonesia,Daerah Istimewa Yogyakarta,1515
Indonesia,Dki Jakarta,1516
Indonesia,Gorontalo,73611
Indonesia,Jambi,1518
Indonesia,Jawa Barat,73613
Indonesia,Jawa Tengah,1520
Indonesia,Jawa Timur,1521
Indonesia,Kalimantan Barat,1522
Indonesia,Kalimantan Selatan,1523
Indonesia,Kalimantan Tengah,1524
Indonesia,Kalimantan Timur,1525
Indonesia,Kepulauan-riau,73614
Indonesia,Lampung,1526
Indonesia,Maluku,73615
Indonesia,Maluku Utara,73616
Indonesia,Nangroe Aceh Darussalam,1512
Indonesia,Nusatenggara Barat,1528
Indonesia,Nusatenggara Timur,1529
Indonesia,Papua,73617
Indonesia,Papua Barat,73612
Indonesia,Riau,73618
Indonesia,Sulawesi Barat,73619
Indonesia,Sulawesi Selatan,73620
Indonesia,Sulawesi Tengah,1532
Indonesia,Sulawesi Tenggara,1533
Indonesia,Sulawesi Utara,73621
Indonesia,Sumatera Barat,1535
Indonesia,Sumatera Selatan,73622
Indonesia,Sumatera Utara,1537
Iraq,Anbar,1564
Iraq,Babil,1571
Iraq,Baghdad,1572
Iraq,Basrah,1565
Iraq,Dahuk,1574
Iraq,Diyala,1575
Iraq,Erbil,1569
Iraq,Kerbala,1576
Iraq,Kirkuk,1570
Iraq,Missan,1577
Iraq,Muthanna,1566
Iraq,Najaf,1568
Iraq,Ninewa,1578
Iraq,Qadissiya,1567
Iraq,Salah al-Din,1579
Iraq,Sulaymaniyah,1580
Iraq,Thi-Qar,1573
Iraq,Wassit,1581
Jamaica,Clarendon,1636
Jamaica,Hanover,1637
Jamaica,Manchester,1638
Jamaica,Portland,1639
Jamaica,Saint Andrew And Kingston,1640
Jamaica,Saint Ann,1641
Jamaica,Saint Catherine,1642
Jamaica,Saint Elizabeth,1643
Jamaica,Saint James,1644
Jamaica,Saint Mary,1645
Jamaica,Saint Thomas,1646
Jamaica,Trelawny,1647
Jamaica,Westmoreland,1648
Jordan,Ajloon,1701
Jordan,Amman,1705
Jordan,Aqaba,1703
Jordan,Balqa,1702
Jordan,Irbid,1707
Jordan,Jarash,1708
Jordan,Karak,1704
Jordan,Ma'an,1709
Jordan,Madaba,1710
Jordan,Mafraq,1711
Jordan,Tafiela,1706
Jordan,Zarqa,1712
Kenya,Central,51325
Kenya,Coast,51326
Kenya,Eastern,51327
Kenya,Nairobi,51328
Kenya,North Eastern,51329
Kenya,Nyanza,51330
Kenya,Rift Valley,51331
Kenya,Western,51332
Kyrgyzstan,Batken,1746
Kyrgyzstan,Bishkek,147293
Kyrgyzstan,Chuy,147294
Kyrgyzstan,Jalal-Abad,1748
Kyrgyzstan,Naryn,1749
Kyrgyzstan,Osh,1750
Kyrgyzstan,Talas,1751
Kyrgyzstan,Ysyk-Kol,1752
Lao People's Democratic Republic,Attapu,1753
Lao People's Democratic Republic,Bokeo,1754
Lao People's Democratic Republic,Bolikhamxai,1755
Lao People's Democratic Republic,Champasak,1756
Lao People's Democratic Republic,Houaphan,1757
Lao People's Democratic Republic,Khammouan,1758
Lao People's Democratic Republic,Louang-Namtha,1760
Lao People's Democratic Republic,Louangphabang,1759
Lao People's Democratic Republic,Oudomxai,1761
Lao People's Democratic Republic,Phongsali,1762
Lao People's Democratic Republic,Salavan,1763
Lao People's Democratic Republic,Savannakhet,1764
Lao People's Democratic Republic,Vientiane,74346
Lao People's Democratic Republic,Vientiane capital,1768
Lao People's Democratic Republic,Xaignabouli,1765
Lao People's Democratic Republic,Xekong,1766
Lao People's Democratic Republic,Xiangkhouang,74347
Lesotho,Berea,1803
Lesotho,Butha Buthe,1804
Lesotho,Leribe,1805
Lesotho,Mafeteng,1806
Lesotho,Maseru,1807
Lesotho,Mohale's Hoek,1808
Lesotho,Mokhotlong,1809
Lesotho,Qacha's Nek,1810
Lesotho,Quthing,1811
Lesotho,Thaba Tseka,1812
Liberia,Bomi,1814
Liberia,Bong,1815
Liberia,Gbarpolu,1816
Liberia,Grand Bassa,1817
Liberia,Grand Cape Mount,1818
Liberia,Grand Gedeh,1819
Liberia,Grand Kru,1820
Liberia,Lofa,1821
Liberia,Margibi,1822
Liberia,Maryland,1823
Liberia,Montserrado,1824
Liberia,Nimba,1825
Liberia,River Gee,1827
Liberia,Rivercess,1826
Liberia,Sinoe,1828
Madagascar,Alaotra Mangoro,41750
Madagascar,Amoron I Mania,41751
Madagascar,Analamanga,41752
Madagascar,Analanjirofo,41753
Madagascar,Androy,41754
Madagascar,Anosy,41755
Madagascar,Atsimo Andrefana,41756
Madagascar,Atsimo Atsinanana,41757
Madagascar,Atsinanana,41758
Madagascar,Betsiboka,41759
Madagascar,Boeny,41760
Madagascar,Bongolava,41761
Madagascar,Diana,41762
Madagascar,Haute Matsiatra,41763
Madagascar,Ihorombe,41764
Madagascar,Itasy,41765
Madagascar,Melaky,41766
Madagascar,Menabe,41767
Madagascar,Sava,41768
Madagascar,Sofia,41769
Madagascar,Vakinankaratra,41770
Madagascar,Vatovavy Fitovinany,41771
Mali,Bamako,1926
Mali,Gao,1927
Mali,Kayes,1928
Mali,Kidal,1929
Mali,Koulikoro,1930
Mali,Mopti,1931
Mali,Segou,1932
Mali,Sikasso,1933
Mali,Tombouctou,1934
Mauritania,Adrar,2004
Mauritania,Assaba,2005
Mauritania,Brakna,2006
Mauritania,Dakhlet-Nouadhibou,2007
Mauritania,Gorgol,2008
Mauritania,Guidimakha,2009
Mauritania,Hodh Ech Chargi,2010
Mauritania,Hodh El Gharbi,2011
Mauritania,Inchiri,2012
Mauritania,Nouakchott,2013
Mauritania,Tagant,2014
Mauritania,Tiris-Zemmour,2015
Mauritania,Trarza,2016
Mexico,Aguascalientes,2028
Mexico,Baja California,2029
Mexico,Baja California Sur,2030
Mexico,Campeche,2031
Mexico,Chiapas,2032
Mexico,Chihuahua,2033
Mexico,Coahuila,2034
Mexico,Colima,2035
Mexico,Distrito Federal,2036
Mexico,Durango,2037
Mexico,Guanajuato,2038
Mexico,Guerrero,2039
Mexico,Hidalgo,2040
Mexico,Jalisco,2041
Mexico,Mexico,2042
Mexico,Michoacan,2043
Mexico,Morelos,2044
Mexico,Nayarit,2045
Mexico,Nuevo Leon,2046
Mexico,Oaxaca,2047
Mexico,Puebla,2048
Mexico,Queretaro,2049
Mexico,Quintana Roo,2050
Mexico,San Luis Potosi,2051
Mexico,Sinaloa,2052
Mexico,Sonora,2053
Mexico,Tabasco,2054
Mexico,Tamaulipas,2055
Mexico,Tlaxcala,2056
Mexico,Veracruz,2057
Mexico,Yucatan,2058
Mexico,Zacatecas,2059
"Moldova, Republic of",Balti,2062
"Moldova, Republic of",Cahul,2063
"Moldova, Republic of",Chisinau,2064
"Moldova, Republic of",Dubasari,2066
"Moldova, Republic of",Edinet,2067
"Moldova, Republic of",Gagauzia,2068
"Moldova, Republic of",Lapusna,2069
"Moldova, Republic of",Orhei,2070
"Moldova, Republic of",Soroca,2071
"Moldova, Republic of",Tighina,2072
"Moldova, Republic of",Ungheni,2073
Mongolia,Arxangai,2075
Mongolia,Bayan-O'lgii,2076
Mongolia,Bayanxongor,2077
Mongolia,Bulgan,2078
Mongolia,Darxan-Uul,2079
Mongolia,Dornod,2081
Mongolia,Dornogovi,2082
Mongolia,Dundgovi,2083
Mongolia,Govi-Altai,2085
Mongolia,Govisu'mber,2084
Mongolia,O'mnogovi,2089
Mongolia,O'vorxangai,2091
Mongolia,Orxon,2090
Mongolia,Selenge,2092
Mongolia,Su'xbaatar,2093
Mongolia,To'v,2094
Mongolia,Ulaanbaatar,2095
Mongolia,Uvs,2096
Mongolia,Xentii,2086
Mongolia,Xo'vsgol,2088
Mongolia,Xovd,2087
Mongolia,Zavxan,2097
Morocco,Chaouia - Ouardigha,147326
Morocco,Doukkala - Abda,147327
Morocco,Fès - Boulemane,147328
Morocco,Gharb - Chrarda - Béni Hssen,147329
Morocco,Grand Casablanca,147330
Morocco,Guelmim - Es-Semara,147331
Morocco,Laâyoune - Boujdour - Sakia El Hamra,147332
Morocco,Marrakech - Tensift - Al Haouz,147333
Morocco,Meknès - Tafilalet,2107
Morocco,Oriental,2109
Morocco,Rabat - Salé - Zemmour - Zaer,147334
Morocco,Souss - Massa - Draâ,147335
Morocco,Tadla - Azilal,147336
Morocco,Tanger - Tétouan,147337
Morocco,Taza - Al Hoceima - Taounate,147338
Mozambique,Cabo Delgado,2112
Mozambique,Gaza,2113
Mozambique,Inhambane,2114
Mozambique,Lago niassa,65246
Mozambique,Manica,2115
Mozambique,Maputo,41373
Mozambique,Nampula,2118
Mozambique,Niassa,2119
Mozambique,Sofala,2120
Mozambique,Tete,2121
Mozambique,Zambezia,2122
Myanmar,Ayeyawaddy,2126
Myanmar,Bago (E),41772
Myanmar,Bago (W),41773
Myanmar,Chin,2125
Myanmar,Kachin,2127
Myanmar,Kayar,2129
Myanmar,Kayin,2128
Myanmar,Magway,2130
Myanmar,Mandalay,2131
Myanmar,Mon,2132
Myanmar,Rakhine,2123
Myanmar,Sagaing,2133
Myanmar,Shan (E),41774
Myanmar,Shan (N),41775
Myanmar,Shan (S),41776
Myanmar,Taninthayi,2135
Myanmar,Yangon,2136
Namibia,Caprivi,2137
Namibia,Erongo,2138
Namibia,Hardap,2139
Namibia,Karas,2140
Namibia,Kavango,2141
Namibia,Khomas,2142
Namibia,Kunene,2143
Namibia,Ohangwena,2144
Namibia,Omaheke,2145
Namibia,Omusati,2146
Namibia,Oshana,2147
Namibia,Oshikoto,2148
Namibia,Otjozondjupa,2149
Nepal,Central,2152
Nepal,Eastern,2153
Nepal,Far Western,2154
Nepal,Mid Western,2155
Nepal,Western,2156
Nicaragua,Atlantico Norte,2185
Nicaragua,Atlantico Sur,2186
Nicaragua,Boaco,2187
Nicaragua,Carazo,2188
Nicaragua,Chinandega,2189
Nicaragua,Chontales,2190
Nicaragua,Esteli,2191
Nicaragua,Granada,2192
Nicaragua,Jinotega,2193
Nicaragua,Leon,2194
Nicaragua,Madriz,2195
Nicaragua,Managua,2196
Nicaragua,Masaya,2197
Nicaragua,Matagalpa,2198
Nicaragua,Nueva Segovia,2199
Nicaragua,Rio San Juan,2200
Nicaragua,Rivas,2201
Niger,Agadez,2202
Niger,Diffa,2203
Niger,Dosso,2204
Niger,Maradi,2205
Niger,Niamey,2206
Niger,Tahoua,2207
Niger,Tillaberi,2208
Niger,Zinder,2209
Nigeria,Abia,65698
Nigeria,Abuja,2221
Nigeria,Adamawa,2211
Nigeria,Akwa Ibom,2212
Nigeria,Anambra,2213
Nigeria,Bauchi,65699
Nigeria,Bayelsa,65700
Nigeria,Benue,2215
Nigeria,Borno,2216
Nigeria,Cross River,2217
Nigeria,Delta,2218
Nigeria,Ebonyi,65701
Nigeria,Edo,2219
Nigeria,Ekiti,65702
Nigeria,Enugu,65703
Nigeria,Gombe,65704
Nigeria,Imo,2222
Nigeria,Jigawa,2223
Nigeria,Kaduna,2224
Nigeria,Kano,2225
Nigeria,Katsina,2226
Nigeria,Kebbi,2227
Nigeria,Kogi,2228
Nigeria,Kwara,2229
Nigeria,Lagos,2230
Nigeria,Nassarawa,65705
Nigeria,Niger,2231
Nigeria,Ogun,2232
Nigeria,Ondo,65706
Nigeria,Osun,2234
Nigeria,Oyo,2235
Nigeria,Plateau,65707
Nigeria,Rivers,65708
Nigeria,Sokoto,65709
Nigeria,Taraba,2239
Nigeria,Yobe,2240
Nigeria,Zamfara,65710
Pakistan,Balochistan,2272
Pakistan,Federally Administered Tribal Areas,2273
Pakistan,Islamabad,2274
Pakistan,North-West Frontier,2275
Pakistan,Punjab,2276
Pakistan,Sindh,2277
Papua New Guinea,Central,2290
Papua New Guinea,Chimbu,2291
Papua New Guinea,East New Britain,2292
Papua New Guinea,East Sepik,2293
Papua New Guinea,Eastern Highlands,2294
Papua New Guinea,Enga,2295
Papua New Guinea,Gulf,2296
Papua New Guinea,Madang,2297
Papua New Guinea,Manus,2298
Papua New Guinea,Milne Bay,2299
Papua New Guinea,Morobe,2300
Papua New Guinea,National Capital District,2301
Papua New Guinea,New Ireland,2302
Papua New Guinea,Northern,2303
Papua New Guinea,Northern Solomons,2304
Papua New Guinea,Southern Highlands,2305
Papua New Guinea,West New Britain,2306
Papua New Guinea,West Sepik,2307
Papua New Guinea,Western,2308
Papua New Guinea,Western Highlands,2309
Paraguay,Alto Paraguay,2311
Paraguay,Alto Parana,2312
Paraguay,Amambay,2313
Paraguay,Boqueron,2314
Paraguay,Caaguazu,2315
Paraguay,Caazapa,2316
Paraguay,Canindeyu,2317
Paraguay,Central,2318
Paraguay,Concepcion,2319
Paraguay,Cordillera,2320
Paraguay,Guaira,2321
Paraguay,Itapua,2322
Paraguay,Misiones,2323
Paraguay,Neembucu,2324
Paraguay,Paraguari,2325
Paraguay,Presidente Hayes,2326
Paraguay,San Pedro,2327
Peru,Amazonas,2328
Peru,Ancash,2329
Peru,Apurímac,2330
Peru,Arequipa,2331
Peru,Ayacucho,2332
Peru,Cajamarca,2333
Peru,Callao,2334
Peru,Cusco,2335
Peru,Huancavelica,2336
Peru,Huánuco,2337
Peru,Ica,2338
Peru,Junín,2339
Peru,La Libertad,2340
Peru,Lambayeque,2341
Peru,Lima,2342
Peru,Loreto,2343
Peru,Madre de Dios,2344
Peru,Moquegua,2345
Peru,Pasco,2346
Peru,Piura,2347
Peru,Puno,2348
Peru,San Martín,2349
Peru,Tacna,2350
Peru,Tumbes,2351
Peru,Ucayali,2352
Senegal,Dakar,2636
Senegal,Diourbel,47585
Senegal,Fatick,47586
Senegal,Kaffrine,1378
Senegal,Kaolack,1373
Senegal,Kedougou,1374
Senegal,Kolda,1375
Senegal,Louga,47587
Senegal,Matam,47588
Senegal,Saint louis,47589
Senegal,Sedhiou,1376
Senegal,Tambacounda,1377
Senegal,Thies,2644
Senegal,Ziguinchor,2645
Sierra Leone,Eastern,2654
Sierra Leone,Northern,2655
Sierra Leone,Southern,2656
Sierra Leone,Western Area,2657
South Sudan,Central Equatoria,2748
South Sudan,Eastern Equatoria,2750
South Sudan,El Buheyrat,2746
South Sudan,Jonglei,2751
South Sudan,Northern Bahr El Ghazal,2754
South Sudan,Unity,2747
South Sudan,Upper Nile,37021
South Sudan,Warab,2765
South Sudan,Western Bahr El Ghazal,2766
South Sudan,Western Equatoria,2768
Sri Lanka,Central,2736
Sri Lanka,Eastern,2737
Sri Lanka,North Central,2738
Sri Lanka,North Western,2739
Sri Lanka,Northern,2740
Sri Lanka,Sabaragamuwa,2741
Sri Lanka,Southern,2742
Sri Lanka,Uva,2743
Sri Lanka,Western,2744
Sudan,Al Jazeera,2745
Sudan,Blue Nile,2749
Sudan,Gadaref,68805
Sudan,Kassala,68783
Sudan,Khartoum,2753
Sudan,Nile,2761
Sudan,Northern,2755
Sudan,Northern Darfur,2757
Sudan,Northern Kordofan,68784
Sudan,Red Sea,40772
Sudan,Sennar,2762
Sudan,Southern Darfur,2764
Sudan,Southern Kordofan,4150
Sudan,Western Darfur,2769
Sudan,White Nile,2770
Suriname,Brokopondo,2771
Suriname,Commewijne,2772
Suriname,Coronie,2773
Suriname,Marowijne,2774
Suriname,Nickerie,2775
Suriname,Para,2776
Suriname,Paramaribo,2777
Suriname,Saramacca,2778
Suriname,Sipaliwini,2779
Suriname,Wanica,2780
Swaziland,Hhohho,2782
Swaziland,Lubombo,2783
Swaziland,Manzini,2784
Swaziland,Shiselweni,2785
Syrian Arab Republic,Al_Qunaytirah,2833
Syrian Arab Republic,Aleppo,2834
Syrian Arab Republic,As_Suweida,2835
Syrian Arab Republic,City_Damascus,2836
Syrian Arab Republic,Damascus,2837
Syrian Arab Republic,Dara,2838
Syrian Arab Republic,Dayr_Az_Zor,2839
Syrian Arab Republic,Hama,2840
Syrian Arab Republic,Hassakeh,2841
Syrian Arab Republic,Homs,2842
Syrian Arab Republic,Idleb,2843
Syrian Arab Republic,Lattakia,2844
Syrian Arab Republic,Raqqa,2845
Syrian Arab Republic,Tartous,2846
Tajikistan,Badakhshoni Kuni,2847
Tajikistan,Khatlon,2848
Tajikistan,Sogd,2849
Tajikistan,Tadzhikistan Territories,2850
Thailand,Amnat Charoen,2851
Thailand,Ang Thong,2852
Thailand,Bangkok,2853
Thailand,Buriram,2854
Thailand,Chachoengsao,2855
Thailand,Chainat,2856
Thailand,Chaiyaphum,2857
Thailand,Chanthaburi,2858
Thailand,Chiang Mai,2859
Thailand,Chiang Rai,2860
Thailand,Chonburi,2861
Thailand,Chumphon,2862
Thailand,Kalasin,2863
Thailand,Kampaeng Phet,2864
Thailand,Kanchanaburi,2865
Thailand,Khon Kaen,2866
Thailand,Krabi,2867
Thailand,Lampang,2868
Thailand,Lamphun,2869
Thailand,Loei,2870
Thailand,Lopburi,2871
Thailand,Mae Hong Son,2872
Thailand,Maha Sarakham,2873
Thailand,Mukdahan,2874
Thailand,Nakhon Nayok,2875
Thailand,Nakhon Pathom,2876
Thailand,Nakhon Phanom,2877
Thailand,Nakhon Ratchasima,2878
Thailand,Nakhon Sawan,2879
Thailand,Nakhon Si Thammarat,2880
Thailand,Nan,2881
Thailand,Narathiwat,2882
Thailand,Nong Bua Lamphu,2883
Thailand,Nong Khai,2884
Thailand,Nonthaburi,2885
Thailand,Pathum Thani,2886
Thailand,Pattani,2887
Thailand,Phachinburi,2888
Thailand,Phangnga,2889
Thailand,Phatthalung,2890
Thailand,Phayao,2891
Thailand,Phetchabun,2892
Thailand,Phetchaburi,2893
Thailand,Phichit,2894
Thailand,Phitsanulok,2895
Thailand,Phra Nakhon Si Ayudhya,2896
Thailand,Phrae,2897
Thailand,Phuket,2898
Thailand,Prachuap Khilikhan,2899
Thailand,Ranong,2900
Thailand,Ratchaburi,2901
Thailand,Rayong,2902
Thailand,Roi Et,2903
Thailand,Sa Kaeo,2904
Thailand,Sakon Nakhon,2905
Thailand,Samut Prakarn,2906
Thailand,Samut Sakhon,2907
Thailand,Samut Songkham,2908
Thailand,Saraburi,2909
Thailand,Satun,2910
Thailand,Si Saket,2911
Thailand,Singburi,2912
Thailand,Songkhla,2913
Thailand,Sukhothai,2914
Thailand,Suphanburi,2915
Thailand,Surat Thani,2916
Thailand,Surin,2917
Thailand,Tak,2918
Thailand,Trad,2919
Thailand,Trang,2920
Thailand,Ubon Ratchathani,2921
Thailand,Udon Thani,2922
Thailand,Uthai Thani,2923
Thailand,Uttaradit,2924
Thailand,Yala,2925
Thailand,Yasothon,2926
The former Yugoslav Republic of Macedonia,Berovo,2927
The former Yugoslav Republic of Macedonia,Bitola,2928
The former Yugoslav Republic of Macedonia,Brod,2929
The former Yugoslav Republic of Macedonia,Debar,2930
The former Yugoslav Republic of Macedonia,Delcevo,2931
The former Yugoslav Republic of Macedonia,Demir Hisar,2932
The former Yugoslav Republic of Macedonia,Gevgelija,2933
The former Yugoslav Republic of Macedonia,Gostivar,2934
The former Yugoslav Republic of Macedonia,Kavadarci,2935
The former Yugoslav Republic of Macedonia,Kicevo,2936
The former Yugoslav Republic of Macedonia,Kocani,2937
The former Yugoslav Republic of Macedonia,Kratovo,2938
The former Yugoslav Republic of Macedonia,Kriva Palanka,2939
The former Yugoslav Republic of Macedonia,Krusevo,2940
The former Yugoslav Republic of Macedonia,Kumanovo,2941
The former Yugoslav Republic of Macedonia,Negotino,2942
The former Yugoslav Republic of Macedonia,Ohrid,2943
The former Yugoslav Republic of Macedonia,Prilep,2944
The former Yugoslav Republic of Macedonia,Probistip,2945
The former Yugoslav Republic of Macedonia,Radovic,2946
The former Yugoslav Republic of Macedonia,Resen,2947
The former Yugoslav Republic of Macedonia,Skopje,2948
The former Yugoslav Republic of Macedonia,Stip,2949
The former Yugoslav Republic of Macedonia,Struga,2950
The former Yugoslav Republic of Macedonia,Strumica,2951
The former Yugoslav Republic of Macedonia,Sveti Nikole,2952
The former Yugoslav Republic of Macedonia,Tetovo,2953
The former Yugoslav Republic of Macedonia,Valandovo,2954
The former Yugoslav Republic of Macedonia,Veles,2955
The former Yugoslav Republic of Macedonia,Vinica,2956
Timor-Leste,Aileu,2957
Timor-Leste,Ainaro,2958
Timor-Leste,Baucau,2959
Timor-Leste,Bobonaro,2960
Timor-Leste,Covalima,2961
Timor-Leste,Dili,2962
Timor-Leste,Ermera,2963
Timor-Leste,Lautem,2964
Timor-Leste,Liquica,2965
Timor-Leste,Manatuto,2966
Timor-Leste,Manufahi,2967
Timor-Leste,Oecussi,2968
Timor-Leste,Viqueque,2969
Togo,Centrale,2970
Togo,Kara,2971
Togo,Maritime,2972
Togo,Plateaux,2973
Togo,Savanes,2974
Trinidad and Tobago,Arima,2977
Trinidad and Tobago,Chaguanas,2978
Trinidad and Tobago,Couva/Tabaquite/Talparo,2979
Trinidad and Tobago,Diego Martin,2980
Trinidad and Tobago,Penal/Debe,2981
Trinidad and Tobago,Point Fortin,2982
Trinidad and Tobago,Port Of Spain,2983
Trinidad and Tobago,Princes Town,2984
Trinidad and Tobago,Rio Claro/Mayaro,2985
Trinidad and Tobago,San Fernando,2986
Trinidad and Tobago,San Juan/Laventille,2987
Trinidad and Tobago,Sangre Grande,2988
Trinidad and Tobago,Siparia,2989
Trinidad and Tobago,Tobago,2990
Trinidad and Tobago,Tunapuna/Piarco,2991
Tunisia,Ariana,2993
Tunisia,Beja,2996
Tunisia,Ben Arous,2994
Tunisia,Bizerte,2995
Tunisia,Gabes,2997
Tunisia,Gafsa,2998
Tunisia,Jendouba,2999
Tunisia,Kairouan,3000
Tunisia,Kasserine,3001
Tunisia,Kebili,3002
Tunisia,Le Kef,3003
Tunisia,Mahdia,3004
Tunisia,Manouba,3005
Tunisia,Medenine,3007
Tunisia,Monastir,3006
Tunisia,Nabeul,3008
Tunisia,Sfax,3009
Tunisia,Sidi Bouz,3010
Tunisia,Siliana,3011
Tunisia,Sousse,3012
Tunisia,Tataouine,3013
Tunisia,Tozeur,3014
Tunisia,Tunis,3015
Tunisia,Zaghouan,3016
Turkmenistan,Administrative unit not available,3098
Turkmenistan,Ahal,147323
Turkmenistan,Balkan,147322
Turkmenistan,Chardzhou,3097
Turkmenistan,Mary,3099
Turkmenistan,Tashauz,3100
Uganda,Abim,743
Uganda,Adjumani,3104
Uganda,Agago,790
Uganda,Alebtong,852
Uganda,Amolatar,47067
Uganda,Amudat,744
Uganda,Amuria,47068
Uganda,Amuru,745
Uganda,Apac,746
Uganda,Arua,1057
Uganda,Budaka,747
Uganda,Bududa,1080
Uganda,Bugiri,748
Uganda,Buhweju,778
Uganda,Buikwe,749
Uganda,Bukedea,788
Uganda,Bukomansimbi,750
Uganda,Bukwo,751
Uganda,Bulambuli,752
Uganda,Buliisa,753
Uganda,Bundibugyo,754
Uganda,Bushenyi,755
Uganda,Busia,3110
Uganda,Butaleja,47071
Uganda,Butambala,757
Uganda,Buvuma,1082
Uganda,Buyende,756
Uganda,Dokolo,789
Uganda,Gomba,1086
Uganda,Gulu,1089
Uganda,Hoima,3112
Uganda,Ibanda,47072
Uganda,Iganga,758
Uganda,Isingiro,47073
Uganda,Jinja,3114
Uganda,Kaabong,47074
Uganda,Kabale,3115
Uganda,Kabarole,42180
Uganda,Kaberamaido,42181
Uganda,Kalangala,3117
Uganda,Kaliro,47075
Uganda,Kalungu,759
Uganda,Kampala,42182
Uganda,Kamuli,760
Uganda,Kamwenge,42183
Uganda,Kanungu,42184
Uganda,Kapchorwa,761
Uganda,Kasese,3121
Uganda,Katakwi,47078
Uganda,Kayunga,42185
Uganda,Kibaale,3123
Uganda,Kiboga,1234
Uganda,Kibuku,1235
Uganda,Kiruhura,47079
Uganda,Kiryandongo,1241
Uganda,Kisoro,3125
Uganda,Kitgum,763
Uganda,Koboko,47080
Uganda,Kole,764
Uganda,Kotido,765
Uganda,Kumi,1261
Uganda,Kween,766
Uganda,Kyankwanzi,1344
Uganda,Kyegegwa,1361
Uganda,Kyenjojo,1362
Uganda,Lamwo,767
Uganda,Lira,1370
Uganda,Luuka,768
Uganda,Luwero,47083
Uganda,Lwengo,1366
Uganda,Lyantonde,1372
Uganda,Manafwa,769
Uganda,Maracha,780
Uganda,Masaka,770
Uganda,Masindi,771
Uganda,Mayuge,42189
Uganda,Mbale,47085
Uganda,Mbarara,47086
Uganda,Mitooma,1360
Uganda,Mityana,47087
Uganda,Moroto,772
Uganda,Moyo,3136
Uganda,Mpigi,1363
Uganda,Mubende,47088
Uganda,Mukono,1367
Uganda,Nakapiripirit,773
Uganda,Nakaseke,47089
Uganda,Nakasongola,42195
Uganda,Namayingo,1368
Uganda,Namutumba,774
Uganda,Napak,775
Uganda,Nebbi,776
Uganda,Ngora,777
Uganda,Ntoroko,779
Uganda,Ntungamo,3141
Uganda,Nwoya,1364
Uganda,Otuke,781
Uganda,Oyam,782
Uganda,Pader,783
Uganda,Pallisa,1369
Uganda,Rakai,1371
Uganda,Rubirizi,784
Uganda,Rukungiri,42197
Uganda,Serere,1365
Uganda,Sheema,762
Uganda,Sironko,785
Uganda,Soroti,786
Uganda,Ssembabule,3145
Uganda,Tororo,47090
Uganda,Wakiso,42200
Uganda,Yumbe,42201
Uganda,Zombo,787
United Republic of Tanzania,Arusha,48357
United Republic of Tanzania,Dar-es-salaam,48358
United Republic of Tanzania,Dodoma,48359
United Republic of Tanzania,Geita,115002
United Republic of Tanzania,Iringa,115003
United Republic of Tanzania,Kagera,115004
United Republic of Tanzania,Kaskazini Pemba,48371
United Republic of Tanzania,Kaskazini Unguja,48372
United Republic of Tanzania,Katavi,115005
United Republic of Tanzania,Kigoma,48362
United Republic of Tanzania,Kilimanjaro,48363
United Republic of Tanzania,Kusini Pemba,48378
United Republic of Tanzania,Kusini Unguja,48379
United Republic of Tanzania,Lindi,48364
United Republic of Tanzania,Manyara,48365
United Republic of Tanzania,Mara,48366
United Republic of Tanzania,Mbeya,48367
United Republic of Tanzania,Mjini Magharibi,48382
United Republic of Tanzania,Morogoro,48368
United Republic of Tanzania,Mtwara,48369
United Republic of Tanzania,Mwanza,115006
United Republic of Tanzania,Njombe,115007
United Republic of Tanzania,Pwani,48373
United Republic of Tanzania,Rukwa,115008
United Republic of Tanzania,Ruvuma,48375
United Republic of Tanzania,Shinyanga,115009
United Republic of Tanzania,Simiyu,115010
United Republic of Tanzania,Singida,48377
United Republic of Tanzania,Tabora,48380
United Republic of Tanzania,Tanga,48381
Uzbekistan,Andijan,3284
Uzbekistan,Bukhara,3285
Uzbekistan,Fergana,3286
Uzbekistan,Jizzakh,39696
Uzbekistan,Karakalpakstan,3287
Uzbekistan,Kashkadarya,3288
Uzbekistan,Khorezm,3289
Uzbekistan,Namangan,3291
Uzbekistan,Navoiy,39697
Uzbekistan,Samarkand,3292
Uzbekistan,Sirdarya,3294
Uzbekistan,Surkhandarya,3293
Uzbekistan,Tashkent,3295
Uzbekistan,Tashkent city,39698
Yemen,Abyan,3407
Yemen,Aden,144973
Yemen,Al Bayda,3410
Yemen,Al Dhale'e,3408
Yemen,Al Hudaydah,3411
Yemen,Al Jawf,3412
Yemen,Al Maharah,3413
Yemen,Al Mahwit,3414
Yemen,Amanat Al Asimah,144969
Yemen,Amran,3415
Yemen,Dhamar,3416
Yemen,Hadramaut,144970
Yemen,Hajjah,3418
Yemen,Ibb,3419
Yemen,Lahj,3420
Yemen,Marib,3421
Yemen,Raymah,144971
Yemen,Sa'ada,3422
Yemen,Sana'a,144972
Yemen,Shabwah,3424
Yemen,Taizz,3425
Zambia,Central,3426
Zambia,Copperbelt,3427
Zambia,Eastern,3428
Zambia,Luapula,3429
Zambia,Lusaka,3430
Zambia,North-Western,3431
Zambia,Northern,3432
Zambia,Southern,3433
Zambia,Western,3434
Zimbabwe,Bulawayo,3435
Zimbabwe,Harare,3436
Zimbabwe,Manicaland,3437
Zimbabwe,Mashonaland Central,3438
Zimbabwe,Mashonaland East,69550
Zimbabwe,Mashonaland West,3440
Zimbabwe,Masvingo,3441
Zimbabwe,Matabeleland North,69549
Zimbabwe,Matabeleland South,3443
Zimbabwe,Midlands,3444
